term,strongs,book,chapter,verse,lxx_word,case,number
λόγος,G3056,Gen,4,23,λόγους,Accusative,Plural
λόγος,G3056,Gen,29,13,λόγους,Accusative,Plural
λόγος,G3056,Gen,34,18,λόγοι,Nominative,Plural
λόγος,G3056,Exo,4,28,λόγους,Accusative,Plural
λόγος,G3056,Exo,5,9,λόγοις,Dative,Plural
λόγος,G3056,Exo,18,19,λόγους,Accusative,Plural
λόγος,G3056,Exo,19,7,λόγους,Accusative,Plural
λόγος,G3056,Exo,19,8,λόγους,Accusative,Plural
λόγος,G3056,Exo,20,1,λόγους,Accusative,Plural
λόγος,G3056,Exo,24,3,λόγους,Accusative,Plural
λόγος,G3056,Exo,24,8,λόγων,Genitive,Plural
λόγος,G3056,Exo,33,17,λόγον,Accusative,Singular
λόγος,G3056,Exo,34,27,λόγων,Genitive,Plural
λόγος,G3056,Exo,34,28,λόγους,Accusative,Plural
λόγος,G3056,Exo,35,1,λόγοι,Nominative,Plural
λόγος,G3056,Lev,8,36,λόγους,Accusative,Plural
λόγος,G3056,Num,11,23,λόγος,Nominative,Singular
λόγος,G3056,Num,12,6,λόγων,Genitive,Plural
λόγος,G3056,Num,16,31,λόγους,Accusative,Plural
λόγος,G3056,Num,21,21,λόγοις,Dative,Plural
λόγος,G3056,Deu,1,1,λόγοι,Nominative,Plural
λόγος,G3056,Deu,1,18,λόγους,Accusative,Plural
λόγος,G3056,Deu,1,32,λόγῳ,Dative,Singular
λόγος,G3056,Deu,1,34,λόγων,Genitive,Plural
λόγος,G3056,Deu,2,26,λόγοις,Dative,Plural
λόγος,G3056,Deu,3,26,λόγον,Accusative,Singular
λόγος,G3056,Deu,4,9,λόγους,Accusative,Plural
λόγος,G3056,Deu,4,30,λόγοι,Nominative,Plural
λόγος,G3056,Deu,5,28,λόγων,Genitive,Plural
λόγος,G3056,Deu,5,28,λόγων,Genitive,Plural
λόγος,G3056,Deu,9,10,λόγοι,Nominative,Plural
λόγος,G3056,Deu,10,4,λόγους,Accusative,Plural
λόγος,G3056,Deu,12,28,λόγους,Accusative,Plural
λόγος,G3056,Deu,13,4,λόγων,Genitive,Plural
λόγος,G3056,Deu,13,15,λόγος,Nominative,Singular
λόγος,G3056,Deu,16,19,λόγους,Accusative,Plural
λόγος,G3056,Deu,22,14,λόγους,Accusative,Plural
λόγος,G3056,Deu,22,17,λόγους,Accusative,Plural
λόγος,G3056,Deu,22,20,λόγος,Nominative,Singular
λόγος,G3056,Deu,27,3,λόγους,Accusative,Plural
λόγος,G3056,Deu,27,26,λόγοις,Dative,Plural
λόγος,G3056,Deu,28,14,λόγων,Genitive,Plural
λόγος,G3056,Deu,28,69,λόγοι,Nominative,Plural
λόγος,G3056,Deu,29,8,λόγους,Accusative,Plural
λόγος,G3056,Deu,31,1,λόγους,Accusative,Plural
λόγος,G3056,Deu,31,12,λόγους,Accusative,Plural
λόγος,G3056,Deu,31,24,λόγους,Accusative,Plural
λόγος,G3056,Deu,31,28,λόγους,Accusative,Plural
λόγος,G3056,Deu,32,44,λόγους,Accusative,Plural
λόγος,G3056,Deu,32,46,λόγους,Accusative,Plural
λόγος,G3056,Deu,32,46,λόγους,Accusative,Plural
λόγος,G3056,Deu,32,47,λόγος,Nominative,Singular
λόγος,G3056,Deu,32,47,λόγου,Genitive,Singular
λόγος,G3056,Deu,33,3,λόγων,Genitive,Plural
λόγος,G3056,Jos,2,20,λόγους,Accusative,Plural
λόγος,G3056,Jos,14,7,λόγον,Accusative,Singular
λόγος,G3056,Jos,22,30,λόγους,Accusative,Plural
λόγος,G3056,Jos,22,32,λόγους,Accusative,Plural
λόγος,G3056,Jos,23,14,λόγος,Nominative,Singular
λόγος,G3056,Jos,23,14,λόγων,Genitive,Plural
λόγος,G3056,Jdg,2,4,λόγους,Accusative,Plural
λόγος,G3056,Jdg,2,17,λόγων,Genitive,Plural
λόγος,G3056,Jdg,3,19,λόγος,Nominative,Singular
λόγος,G3056,Jdg,3,20,λόγος,Nominative,Singular
λόγος,G3056,Jdg,5,29,λόγους,Accusative,Plural
λόγος,G3056,Jdg,8,3,λόγον,Accusative,Singular
λόγος,G3056,Jdg,9,3,λόγους,Accusative,Plural
λόγος,G3056,Jdg,9,30,λόγους,Accusative,Plural
λόγος,G3056,Jdg,11,11,λόγους,Accusative,Plural
λόγος,G3056,Jdg,11,28,λόγων,Genitive,Plural
λόγος,G3056,Jdg,11,37,λόγον,Accusative,Singular
λόγος,G3056,Jdg,13,12,λόγος,Nominative,Singular
λόγος,G3056,Jdg,16,16,λόγοις,Dative,Plural
λόγος,G3056,Jdg,18,7,λόγον,Accusative,Singular
λόγος,G3056,Jdg,18,7,λόγον,Accusative,Singular
λόγος,G3056,Jdg,18,28,λόγος,Nominative,Singular
λόγος,G3056,Jdg,20,7,λόγον,Accusative,Singular
λόγος,G3056,Jdg,2,4,λόγους,Accusative,Plural
λόγος,G3056,Jdg,3,19,λόγος,Nominative,Singular
λόγος,G3056,Jdg,3,20,λόγος,Nominative,Singular
λόγος,G3056,Jdg,8,3,λόγον,Accusative,Singular
λόγος,G3056,Jdg,9,3,λόγους,Accusative,Plural
λόγος,G3056,Jdg,9,30,λόγους,Accusative,Plural
λόγος,G3056,Jdg,11,11,λόγους,Accusative,Plural
λόγος,G3056,Jdg,11,28,λόγων,Genitive,Plural
λόγος,G3056,Jdg,16,16,λόγοις,Dative,Plural
λόγος,G3056,Jdg,18,7,λόγος,Nominative,Singular
λόγος,G3056,Jdg,18,9,λόγος,Nominative,Singular
λόγος,G3056,Jdg,18,28,λόγος,Nominative,Singular
λόγος,G3056,Jdg,20,7,λόγον,Accusative,Singular
λόγος,G3056,Jdg,21,11,λόγος,Nominative,Singular
λόγος,G3056,Rut,4,7,λόγον,Accusative,Singular
λόγος,G3056,1Sa,3,17,λόγων,Genitive,Plural
λόγος,G3056,1Sa,3,18,λόγους,Accusative,Plural
λόγος,G3056,1Sa,3,19,λόγων,Genitive,Plural
λόγος,G3056,1Sa,8,21,λόγους,Accusative,Plural
λόγος,G3056,1Sa,11,4,λόγους,Accusative,Plural
λόγος,G3056,1Sa,15,11,λόγους,Accusative,Plural
λόγος,G3056,1Sa,15,24,λόγον,Accusative,Singular
λόγος,G3056,1Sa,16,18,λόγῳ,Dative,Singular
λόγος,G3056,1Sa,18,8,λόγου,Genitive,Singular
λόγος,G3056,1Sa,18,26,λόγος,Nominative,Singular
λόγος,G3056,1Sa,20,21,λόγος,Nominative,Singular
λόγος,G3056,1Sa,22,15,λόγον,Accusative,Singular
λόγος,G3056,1Sa,24,8,λόγοις,Dative,Plural
λόγος,G3056,1Sa,24,10,λόγων,Genitive,Plural
λόγος,G3056,1Sa,25,9,λόγους,Accusative,Plural
λόγος,G3056,1Sa,25,24,λόγον,Accusative,Singular
λόγος,G3056,1Sa,28,10,λόγῳ,Dative,Singular
λόγος,G3056,1Sa,28,20,λόγων,Genitive,Plural
λόγος,G3056,1Sa,28,21,λόγους,Accusative,Plural
λόγος,G3056,1Sa,29,10,λόγον,Accusative,Singular
λόγος,G3056,1Sa,30,24,λόγων,Genitive,Plural
λόγος,G3056,2Sa,1,4,λόγος,Nominative,Singular
λόγος,G3056,2Sa,3,8,λόγου,Genitive,Singular
λόγος,G3056,2Sa,3,13,λόγον,Accusative,Singular
λόγος,G3056,2Sa,7,17,λόγους,Accusative,Plural
λόγος,G3056,2Sa,7,21,λόγον,Accusative,Singular
λόγος,G3056,2Sa,7,28,λόγοι,Nominative,Plural
λόγος,G3056,2Sa,11,18,λόγους,Accusative,Plural
λόγος,G3056,2Sa,11,19,λόγους,Accusative,Plural
λόγος,G3056,2Sa,12,9,λόγον,Accusative,Singular
λόγος,G3056,2Sa,13,21,λόγους,Accusative,Plural
λόγος,G3056,2Sa,13,22,λόγου,Genitive,Singular
λόγος,G3056,2Sa,13,35,λόγον,Accusative,Singular
λόγος,G3056,2Sa,14,3,λόγους,Accusative,Plural
λόγος,G3056,2Sa,14,13,λόγος,Nominative,Singular
λόγος,G3056,2Sa,14,17,λόγος,Nominative,Singular
λόγος,G3056,2Sa,14,19,λόγους,Accusative,Plural
λόγος,G3056,2Sa,14,20,λόγον,Accusative,Singular
λόγος,G3056,2Sa,14,21,λόγον,Accusative,Singular
λόγος,G3056,2Sa,14,22,λόγον,Accusative,Singular
λόγος,G3056,2Sa,15,3,λόγοι,Nominative,Plural
λόγος,G3056,2Sa,16,23,λόγῳ,Dative,Singular
λόγος,G3056,2Sa,17,4,λόγος,Nominative,Singular
λόγος,G3056,2Sa,17,6,λόγον,Accusative,Singular
λόγος,G3056,2Sa,18,13,λόγος,Nominative,Singular
λόγος,G3056,2Sa,19,12,λόγος,Nominative,Singular
λόγος,G3056,2Sa,19,30,λόγους,Accusative,Plural
λόγος,G3056,2Sa,19,43,λόγου,Genitive,Singular
λόγος,G3056,2Sa,19,44,λόγος,Nominative,Singular
λόγος,G3056,2Sa,19,44,λόγος,Nominative,Singular
λόγος,G3056,2Sa,19,44,λόγον,Accusative,Singular
λόγος,G3056,2Sa,20,17,λόγους,Accusative,Plural
λόγος,G3056,2Sa,20,18,λόγον,Accusative,Singular
λόγος,G3056,2Sa,20,21,λόγος,Nominative,Singular
λόγος,G3056,2Sa,22,1,λόγους,Accusative,Plural
λόγος,G3056,2Sa,23,1,λόγοι,Nominative,Plural
λόγος,G3056,2Sa,23,2,λόγος,Nominative,Singular
λόγος,G3056,2Sa,24,3,λόγῳ,Dative,Singular
λόγος,G3056,2Sa,24,4,λόγος,Nominative,Singular
λόγος,G3056,2Sa,24,11,λόγος,Nominative,Singular
λόγος,G3056,2Sa,24,19,λόγον,Accusative,Singular
λόγος,G3056,1Ki,1,7,λόγοι,Nominative,Plural
λόγος,G3056,1Ki,1,14,λόγους,Accusative,Plural
λόγος,G3056,1Ki,2,4,λόγον,Accusative,Singular
λόγος,G3056,1Ki,2,14,λόγος,Nominative,Singular
λόγος,G3056,1Ki,2,23,λόγον,Accusative,Singular
λόγος,G3056,1Ki,5,1,λόγον,Accusative,Singular
λόγος,G3056,1Ki,5,21,λόγων,Genitive,Plural
λόγος,G3056,1Ki,6,1,λόγον,Accusative,Singular
λόγος,G3056,1Ki,8,56,λόγος,Nominative,Singular
λόγος,G3056,1Ki,8,56,λόγοις,Dative,Plural
λόγος,G3056,1Ki,8,59,λόγοι,Nominative,Plural
λόγος,G3056,1Ki,10,3,λόγους,Accusative,Plural
λόγος,G3056,1Ki,10,3,λόγος,Nominative,Singular
λόγος,G3056,1Ki,10,6,λόγος,Nominative,Singular
λόγος,G3056,1Ki,10,6,λόγου,Genitive,Singular
λόγος,G3056,1Ki,11,10,λόγου,Genitive,Singular
λόγος,G3056,1Ki,12,6,λόγον,Accusative,Singular
λόγος,G3056,1Ki,12,7,λόγους,Accusative,Plural
λόγος,G3056,1Ki,12,22,λόγος,Nominative,Singular
λόγος,G3056,1Ki,12,24,λόγου,Genitive,Singular
λόγος,G3056,1Ki,12,24,λόγος,Nominative,Singular
λόγος,G3056,1Ki,12,24,λόγου,Genitive,Singular
λόγος,G3056,1Ki,12,30,λόγος,Nominative,Singular
λόγος,G3056,1Ki,13,1,λόγῳ,Dative,Singular
λόγος,G3056,1Ki,13,2,λόγῳ,Dative,Singular
λόγος,G3056,1Ki,13,4,λόγων,Genitive,Plural
λόγος,G3056,1Ki,13,5,λόγῳ,Dative,Singular
λόγος,G3056,1Ki,13,9,λόγῳ,Dative,Singular
λόγος,G3056,1Ki,13,11,λόγους,Accusative,Plural
λόγος,G3056,1Ki,13,17,λόγῳ,Dative,Singular
λόγος,G3056,1Ki,13,20,λόγος,Nominative,Singular
λόγος,G3056,1Ki,13,32,λόγῳ,Dative,Singular
λόγος,G3056,1Ki,14,29,λόγων,Genitive,Plural
λόγος,G3056,1Ki,14,29,λόγων,Genitive,Plural
λόγος,G3056,1Ki,15,7,λόγων,Genitive,Plural
λόγος,G3056,1Ki,15,7,λόγων,Genitive,Plural
λόγος,G3056,1Ki,15,23,λόγων,Genitive,Plural
λόγος,G3056,1Ki,15,23,λόγων,Genitive,Plural
λόγος,G3056,1Ki,15,31,λόγων,Genitive,Plural
λόγος,G3056,1Ki,15,31,λόγων,Genitive,Plural
λόγος,G3056,1Ki,16,1,λόγος,Nominative,Singular
λόγος,G3056,1Ki,16,5,λόγων,Genitive,Plural
λόγος,G3056,1Ki,16,5,λόγων,Genitive,Plural
λόγος,G3056,1Ki,16,14,λόγων,Genitive,Plural
λόγος,G3056,1Ki,16,14,λόγων,Genitive,Plural
λόγος,G3056,1Ki,16,20,λόγων,Genitive,Plural
λόγος,G3056,1Ki,16,20,λόγων,Genitive,Plural
λόγος,G3056,1Ki,16,27,λόγων,Genitive,Plural
λόγος,G3056,1Ki,16,27,λόγων,Genitive,Plural
λόγος,G3056,1Ki,16,28,λόγων,Genitive,Plural
λόγος,G3056,1Ki,17,1,λόγου,Genitive,Singular
λόγος,G3056,1Ki,18,21,λόγον,Accusative,Singular
λόγος,G3056,1Ki,20,27,λόγου,Genitive,Singular
λόγος,G3056,1Ki,21,9,λόγον,Accusative,Singular
λόγος,G3056,1Ki,21,12,λόγον,Accusative,Singular
λόγος,G3056,1Ki,21,33,λόγον,Accusative,Singular
λόγος,G3056,1Ki,21,35,λόγῳ,Dative,Singular
λόγος,G3056,1Ki,22,13,λόγους,Accusative,Plural
λόγος,G3056,1Ki,22,13,λόγους,Accusative,Plural
λόγος,G3056,1Ki,22,39,λόγων,Genitive,Plural
λόγος,G3056,1Ki,22,39,λόγων,Genitive,Plural
λόγος,G3056,1Ki,22,46,λόγων,Genitive,Plural
λόγος,G3056,1Ki,22,46,λόγων,Genitive,Plural
λόγος,G3056,2Ki,1,7,λόγους,Accusative,Plural
λόγος,G3056,2Ki,1,18,λόγων,Genitive,Plural
λόγος,G3056,2Ki,1,18,λόγων,Genitive,Plural
λόγος,G3056,2Ki,4,13,λόγος,Nominative,Singular
λόγος,G3056,2Ki,5,13,λόγον,Accusative,Singular
λόγος,G3056,2Ki,5,18,λόγῳ,Dative,Singular
λόγος,G3056,2Ki,6,11,λόγου,Genitive,Singular
λόγος,G3056,2Ki,6,12,λόγους,Accusative,Plural
λόγος,G3056,2Ki,6,30,λόγους,Accusative,Plural
λόγος,G3056,2Ki,7,1,λόγον,Accusative,Singular
λόγος,G3056,2Ki,8,23,λόγων,Genitive,Plural
λόγος,G3056,2Ki,8,23,λόγων,Genitive,Plural
λόγος,G3056,2Ki,9,5,λόγος,Nominative,Singular
λόγος,G3056,2Ki,9,36,λόγος,Nominative,Singular
λόγος,G3056,2Ki,10,34,λόγων,Genitive,Plural
λόγος,G3056,2Ki,10,34,λόγων,Genitive,Plural
λόγος,G3056,2Ki,11,5,λόγος,Nominative,Singular
λόγος,G3056,2Ki,12,20,λόγων,Genitive,Plural
λόγος,G3056,2Ki,12,20,λόγων,Genitive,Plural
λόγος,G3056,2Ki,13,8,λόγων,Genitive,Plural
λόγος,G3056,2Ki,13,8,λόγων,Genitive,Plural
λόγος,G3056,2Ki,13,12,λόγων,Genitive,Plural
λόγος,G3056,2Ki,13,12,λόγων,Genitive,Plural
λόγος,G3056,2Ki,14,15,λόγων,Genitive,Plural
λόγος,G3056,2Ki,14,15,λόγων,Genitive,Plural
λόγος,G3056,2Ki,14,18,λόγων,Genitive,Plural
λόγος,G3056,2Ki,14,18,λόγων,Genitive,Plural
λόγος,G3056,2Ki,14,28,λόγων,Genitive,Plural
λόγος,G3056,2Ki,14,28,λόγων,Genitive,Plural
λόγος,G3056,2Ki,15,6,λόγων,Genitive,Plural
λόγος,G3056,2Ki,15,6,λόγων,Genitive,Plural
λόγος,G3056,2Ki,15,11,λόγων,Genitive,Plural
λόγος,G3056,2Ki,15,11,λόγων,Genitive,Plural
λόγος,G3056,2Ki,15,12,λόγος,Nominative,Singular
λόγος,G3056,2Ki,15,15,λόγων,Genitive,Plural
λόγος,G3056,2Ki,15,15,λόγων,Genitive,Plural
λόγος,G3056,2Ki,15,21,λόγων,Genitive,Plural
λόγος,G3056,2Ki,15,21,λόγων,Genitive,Plural
λόγος,G3056,2Ki,15,26,λόγων,Genitive,Plural
λόγος,G3056,2Ki,15,26,λόγων,Genitive,Plural
λόγος,G3056,2Ki,15,31,λόγων,Genitive,Plural
λόγος,G3056,2Ki,15,31,λόγων,Genitive,Plural
λόγος,G3056,2Ki,15,36,λόγων,Genitive,Plural
λόγος,G3056,2Ki,15,36,λόγων,Genitive,Plural
λόγος,G3056,2Ki,16,19,λόγων,Genitive,Plural
λόγος,G3056,2Ki,16,19,λόγων,Genitive,Plural
λόγος,G3056,2Ki,17,9,λόγους,Accusative,Plural
λόγος,G3056,2Ki,18,20,λόγοι,Nominative,Plural
λόγος,G3056,2Ki,18,27,λόγους,Accusative,Plural
λόγος,G3056,2Ki,18,28,λόγους,Accusative,Plural
λόγος,G3056,2Ki,18,29,λόγοις,Dative,Plural
λόγος,G3056,2Ki,18,36,λόγον,Accusative,Singular
λόγος,G3056,2Ki,18,37,λόγους,Accusative,Plural
λόγος,G3056,2Ki,19,4,λόγους,Accusative,Plural
λόγος,G3056,2Ki,19,4,λόγοις,Dative,Plural
λόγος,G3056,2Ki,19,6,λόγων,Genitive,Plural
λόγος,G3056,2Ki,19,16,λόγους,Accusative,Plural
λόγος,G3056,2Ki,19,21,λόγος,Nominative,Singular
λόγος,G3056,2Ki,20,9,λόγον,Accusative,Singular
λόγος,G3056,2Ki,20,13,λόγος,Nominative,Singular
λόγος,G3056,2Ki,20,16,λόγον,Accusative,Singular
λόγος,G3056,2Ki,20,19,λόγος,Nominative,Singular
λόγος,G3056,2Ki,20,20,λόγων,Genitive,Plural
λόγος,G3056,2Ki,20,20,λόγων,Genitive,Plural
λόγος,G3056,2Ki,21,17,λόγων,Genitive,Plural
λόγος,G3056,2Ki,21,17,λόγων,Genitive,Plural
λόγος,G3056,2Ki,21,25,λόγων,Genitive,Plural
λόγος,G3056,2Ki,21,25,λόγων,Genitive,Plural
λόγος,G3056,2Ki,22,11,λόγους,Accusative,Plural
λόγος,G3056,2Ki,22,13,λόγων,Genitive,Plural
λόγος,G3056,2Ki,22,13,λόγων,Genitive,Plural
λόγος,G3056,2Ki,22,16,λόγους,Accusative,Plural
λόγος,G3056,2Ki,22,18,λόγοι,Nominative,Plural
λόγος,G3056,2Ki,23,2,λόγους,Accusative,Plural
λόγος,G3056,2Ki,23,3,λόγους,Accusative,Plural
λόγος,G3056,2Ki,23,16,λόγους,Accusative,Plural
λόγος,G3056,2Ki,23,17,λόγους,Accusative,Plural
λόγος,G3056,2Ki,23,24,λόγους,Accusative,Plural
λόγος,G3056,2Ki,23,28,λόγων,Genitive,Plural
λόγος,G3056,2Ki,23,28,λόγων,Genitive,Plural
λόγος,G3056,2Ki,24,2,λόγον,Accusative,Singular
λόγος,G3056,2Ki,24,5,λόγων,Genitive,Plural
λόγος,G3056,2Ki,24,5,λόγων,Genitive,Plural
λόγος,G3056,2Ki,25,30,λόγον,Accusative,Singular
λόγος,G3056,1Ch,10,13,λόγον,Accusative,Singular
λόγος,G3056,1Ch,11,3,λόγον,Accusative,Singular
λόγος,G3056,1Ch,11,10,λόγον,Accusative,Singular
λόγος,G3056,1Ch,12,24,λόγον,Accusative,Singular
λόγος,G3056,1Ch,13,4,λόγος,Nominative,Singular
λόγος,G3056,1Ch,15,15,λόγῳ,Dative,Singular
λόγος,G3056,1Ch,16,15,λόγον,Accusative,Singular
λόγος,G3056,1Ch,17,3,λόγος,Nominative,Singular
λόγος,G3056,1Ch,17,15,λόγους,Accusative,Plural
λόγος,G3056,1Ch,17,23,λόγος,Nominative,Singular
λόγος,G3056,1Ch,21,6,λόγος,Nominative,Singular
λόγος,G3056,1Ch,21,12,λόγον,Accusative,Singular
λόγος,G3056,1Ch,21,19,λόγον,Accusative,Singular
λόγος,G3056,1Ch,22,8,λόγος,Nominative,Singular
λόγος,G3056,1Ch,23,27,λόγοις,Dative,Plural
λόγος,G3056,1Ch,25,5,λόγοις,Dative,Plural
λόγος,G3056,1Ch,26,32,λόγον,Accusative,Singular
λόγος,G3056,1Ch,27,1,λόγον,Accusative,Singular
λόγος,G3056,1Ch,27,1,λόγον,Accusative,Singular
λόγος,G3056,1Ch,27,24,λόγων,Genitive,Plural
λόγος,G3056,1Ch,28,21,λόγους,Accusative,Plural
λόγος,G3056,1Ch,29,29,λόγοι,Nominative,Plural
λόγος,G3056,1Ch,29,29,λόγοις,Dative,Plural
λόγος,G3056,1Ch,29,29,λόγων,Genitive,Plural
λόγος,G3056,1Ch,29,29,λόγων,Genitive,Plural
λόγος,G3056,2Ch,6,10,λόγον,Accusative,Singular
λόγος,G3056,2Ch,8,13,λόγον,Accusative,Singular
λόγος,G3056,2Ch,8,14,λόγον,Accusative,Singular
λόγος,G3056,2Ch,8,15,λόγον,Accusative,Singular
λόγος,G3056,2Ch,9,2,λόγους,Accusative,Plural
λόγος,G3056,2Ch,9,2,λόγος,Nominative,Singular
λόγος,G3056,2Ch,9,5,λόγος,Nominative,Singular
λόγος,G3056,2Ch,9,5,λόγων,Genitive,Plural
λόγος,G3056,2Ch,9,6,λόγοις,Dative,Plural
λόγος,G3056,2Ch,9,29,λόγοι,Nominative,Plural
λόγος,G3056,2Ch,9,29,λόγων,Genitive,Plural
λόγος,G3056,2Ch,9,29,λόγων,Genitive,Plural
λόγος,G3056,2Ch,10,6,λόγον,Accusative,Singular
λόγος,G3056,2Ch,10,7,λόγους,Accusative,Plural
λόγος,G3056,2Ch,10,9,λόγον,Accusative,Singular
λόγος,G3056,2Ch,10,15,λόγον,Accusative,Singular
λόγος,G3056,2Ch,11,2,λόγος,Nominative,Singular
λόγος,G3056,2Ch,11,4,λόγου,Genitive,Singular
λόγος,G3056,2Ch,12,7,λόγος,Nominative,Singular
λόγος,G3056,2Ch,12,12,λόγοι,Nominative,Plural
λόγος,G3056,2Ch,12,15,λόγοι,Nominative,Plural
λόγος,G3056,2Ch,12,15,λόγοις,Dative,Plural
λόγος,G3056,2Ch,13,22,λόγοι,Nominative,Plural
λόγος,G3056,2Ch,13,22,λόγοι,Nominative,Plural
λόγος,G3056,2Ch,15,8,λόγους,Accusative,Plural
λόγος,G3056,2Ch,16,11,λόγοι,Nominative,Plural
λόγος,G3056,2Ch,18,12,λόγοι,Nominative,Plural
λόγος,G3056,2Ch,18,18,λόγον,Accusative,Singular
λόγος,G3056,2Ch,19,3,λόγοι,Nominative,Plural
λόγος,G3056,2Ch,19,6,λόγοι,Nominative,Plural
λόγος,G3056,2Ch,19,11,λόγον,Accusative,Singular
λόγος,G3056,2Ch,19,11,λόγον,Accusative,Singular
λόγος,G3056,2Ch,20,34,λόγοι,Nominative,Plural
λόγος,G3056,2Ch,20,34,λόγοις,Dative,Plural
λόγος,G3056,2Ch,23,4,λόγος,Nominative,Singular
λόγος,G3056,2Ch,25,26,λόγοι,Nominative,Plural
λόγος,G3056,2Ch,26,22,λόγοι,Nominative,Plural
λόγος,G3056,2Ch,27,7,λόγοι,Nominative,Plural
λόγος,G3056,2Ch,28,26,λόγοι,Nominative,Plural
λόγος,G3056,2Ch,29,30,λόγοις,Dative,Plural
λόγος,G3056,2Ch,29,36,λόγος,Nominative,Singular
λόγος,G3056,2Ch,30,4,λόγος,Nominative,Singular
λόγος,G3056,2Ch,30,5,λόγον,Accusative,Singular
λόγος,G3056,2Ch,30,12,λόγῳ,Dative,Singular
λόγος,G3056,2Ch,31,5,λόγον,Accusative,Singular
λόγος,G3056,2Ch,31,16,λόγον,Accusative,Singular
λόγος,G3056,2Ch,32,1,λόγους,Accusative,Plural
λόγος,G3056,2Ch,32,8,λόγοις,Dative,Plural
λόγος,G3056,2Ch,32,32,λόγων,Genitive,Plural
λόγος,G3056,2Ch,33,18,λόγων,Genitive,Plural
λόγος,G3056,2Ch,33,18,λόγοι,Nominative,Plural
λόγος,G3056,2Ch,33,18,λόγων,Genitive,Plural
λόγος,G3056,2Ch,33,19,λόγων,Genitive,Plural
λόγος,G3056,2Ch,34,16,λόγον,Accusative,Singular
λόγος,G3056,2Ch,34,19,λόγους,Accusative,Plural
λόγος,G3056,2Ch,34,21,λόγων,Genitive,Plural
λόγος,G3056,2Ch,34,21,λόγων,Genitive,Plural
λόγος,G3056,2Ch,34,24,λόγους,Accusative,Plural
λόγος,G3056,2Ch,34,26,λόγους,Accusative,Plural
λόγος,G3056,2Ch,34,27,λόγους,Accusative,Plural
λόγος,G3056,2Ch,34,28,λόγον,Accusative,Singular
λόγος,G3056,2Ch,34,30,λόγους,Accusative,Plural
λόγος,G3056,2Ch,34,31,λόγους,Accusative,Plural
λόγος,G3056,2Ch,35,6,λόγον,Accusative,Singular
λόγος,G3056,2Ch,35,19,λόγους,Accusative,Plural
λόγος,G3056,2Ch,35,22,λόγων,Genitive,Plural
λόγος,G3056,2Ch,35,26,λόγοι,Nominative,Plural
λόγος,G3056,2Ch,35,27,λόγοι,Nominative,Plural
λόγος,G3056,2Ch,36,5,λόγον,Accusative,Singular
λόγος,G3056,2Ch,36,5,λόγον,Accusative,Singular
λόγος,G3056,2Ch,36,8,λόγων,Genitive,Plural
λόγος,G3056,2Ch,36,8,λόγων,Genitive,Plural
λόγος,G3056,2Ch,36,16,λόγους,Accusative,Plural
λόγος,G3056,2Ch,36,21,λόγον,Accusative,Singular
λόγος,G3056,Ezr,1,1,λόγον,Accusative,Singular
λόγος,G3056,Ezr,3,4,λόγον,Accusative,Singular
λόγος,G3056,Ezr,7,11,λόγων,Genitive,Plural
λόγος,G3056,Ezr,7,12,λόγος,Nominative,Singular
λόγος,G3056,Ezr,8,17,λόγους,Accusative,Plural
λόγος,G3056,Ezr,9,3,λόγον,Accusative,Singular
λόγος,G3056,Ezr,9,4,λόγον,Accusative,Singular
λόγος,G3056,Ezr,11,1,λόγοι,Nominative,Plural
λόγος,G3056,Ezr,11,4,λόγους,Accusative,Plural
λόγος,G3056,Ezr,11,8,λόγον,Accusative,Singular
λόγος,G3056,Ezr,12,18,λόγους,Accusative,Plural
λόγος,G3056,Ezr,12,20,λόγον,Accusative,Singular
λόγος,G3056,Ezr,15,6,λόγους,Accusative,Plural
λόγος,G3056,Ezr,15,8,λόγον,Accusative,Singular
λόγος,G3056,Ezr,15,9,λόγος,Nominative,Singular
λόγος,G3056,Ezr,15,13,λόγον,Accusative,Singular
λόγος,G3056,Ezr,16,7,λόγοι,Nominative,Plural
λόγος,G3056,Ezr,16,8,λόγοι,Nominative,Plural
λόγος,G3056,Ezr,16,12,λόγος,Nominative,Singular
λόγος,G3056,Ezr,16,19,λόγους,Accusative,Plural
λόγος,G3056,Ezr,16,19,λόγους,Accusative,Plural
λόγος,G3056,Ezr,18,9,λόγους,Accusative,Plural
λόγος,G3056,Ezr,18,12,λόγοις,Dative,Plural
λόγος,G3056,Ezr,18,13,λόγους,Accusative,Plural
λόγος,G3056,Ezr,19,8,λόγους,Accusative,Plural
λόγος,G3056,Ezr,22,23,λόγων,Genitive,Plural
λόγος,G3056,Ezr,22,47,λόγον,Accusative,Singular
λόγος,G3056,Ezr,23,17,λόγος,Nominative,Singular
λόγος,G3056,Est,1,1,λόγῳ,Dative,Singular
λόγος,G3056,Est,1,1,λόγους,Accusative,Plural
λόγος,G3056,Est,1,1,λόγων,Genitive,Plural
λόγος,G3056,Est,1,1,λόγους,Accusative,Plural
λόγος,G3056,Est,1,21,λόγος,Nominative,Singular
λόγος,G3056,Est,2,1,λόγους,Accusative,Plural
λόγος,G3056,Est,2,22,λόγος,Nominative,Singular
λόγος,G3056,Est,3,4,λόγοις,Dative,Plural
λόγος,G3056,Est,4,9,λόγους,Accusative,Plural
λόγος,G3056,Est,4,12,λόγους,Accusative,Plural
λόγος,G3056,Est,4,17,λόγον,Accusative,Singular
λόγος,G3056,Est,5,1,λόγοις,Dative,Plural
λόγος,G3056,Est,5,5,λόγον,Accusative,Singular
λόγος,G3056,Est,6,10,λόγος,Nominative,Singular
λόγος,G3056,Est,9,20,λόγους,Accusative,Plural
λόγος,G3056,Est,9,26,λόγους,Accusative,Plural
λόγος,G3056,Est,9,32,λόγῳ,Dative,Singular
λόγος,G3056,Est,10,3,λόγων,Genitive,Plural
λόγος,G3056,Est,10,3,λόγος,Nominative,Singular
λόγος,G3056,Psa,7,1,λόγων,Genitive,Plural
λόγος,G3056,Psa,16,4,λόγους,Accusative,Plural
λόγος,G3056,Psa,17,1,λόγους,Accusative,Plural
λόγος,G3056,Psa,18,4,λόγοι,Nominative,Plural
λόγος,G3056,Psa,21,2,λόγοι,Nominative,Plural
λόγος,G3056,Psa,32,4,λόγος,Nominative,Singular
λόγος,G3056,Psa,32,6,λόγῳ,Dative,Singular
λόγος,G3056,Psa,40,9,λόγον,Accusative,Singular
λόγος,G3056,Psa,44,2,λόγον,Accusative,Singular
λόγος,G3056,Psa,49,17,λόγους,Accusative,Plural
λόγος,G3056,Psa,50,6,λόγοις,Dative,Plural
λόγος,G3056,Psa,54,22,λόγοι,Nominative,Plural
λόγος,G3056,Psa,55,5,λόγους,Accusative,Plural
λόγος,G3056,Psa,55,6,λόγους,Accusative,Plural
λόγος,G3056,Psa,55,11,λόγον,Accusative,Singular
λόγος,G3056,Psa,58,13,λόγον,Accusative,Singular
λόγος,G3056,Psa,63,6,λόγον,Accusative,Singular
λόγος,G3056,Psa,64,1,λόγου,Genitive,Singular
λόγος,G3056,Psa,64,4,λόγοι,Nominative,Plural
λόγος,G3056,Psa,90,3,λόγου,Genitive,Singular
λόγος,G3056,Psa,102,20,λόγον,Accusative,Singular
λόγος,G3056,Psa,102,20,λόγων,Genitive,Plural
λόγος,G3056,Psa,104,8,λόγου,Genitive,Singular
λόγος,G3056,Psa,104,19,λόγον,Accusative,Singular
λόγος,G3056,Psa,104,27,λόγους,Accusative,Plural
λόγος,G3056,Psa,104,28,λόγους,Accusative,Plural
λόγος,G3056,Psa,104,42,λόγου,Genitive,Singular
λόγος,G3056,Psa,105,12,λόγοις,Dative,Plural
λόγος,G3056,Psa,105,24,λόγῳ,Dative,Singular
λόγος,G3056,Psa,106,20,λόγον,Accusative,Singular
λόγος,G3056,Psa,108,3,λόγοις,Dative,Plural
λόγος,G3056,Psa,111,5,λόγους,Accusative,Plural
λόγος,G3056,Psa,118,9,λόγους,Accusative,Plural
λόγος,G3056,Psa,118,16,λόγων,Genitive,Plural
λόγος,G3056,Psa,118,17,λόγους,Accusative,Plural
λόγος,G3056,Psa,118,25,λόγον,Accusative,Singular
λόγος,G3056,Psa,118,28,λόγοις,Dative,Plural
λόγος,G3056,Psa,118,42,λόγον,Accusative,Singular
λόγος,G3056,Psa,118,42,λόγους,Accusative,Plural
λόγος,G3056,Psa,118,43,λόγον,Accusative,Singular
λόγος,G3056,Psa,118,49,λόγον,Accusative,Singular
λόγος,G3056,Psa,118,65,λόγον,Accusative,Singular
λόγος,G3056,Psa,118,74,λόγους,Accusative,Plural
λόγος,G3056,Psa,118,81,λόγον,Accusative,Singular
λόγος,G3056,Psa,118,89,λόγος,Nominative,Singular
λόγος,G3056,Psa,118,101,λόγους,Accusative,Plural
λόγος,G3056,Psa,118,105,λόγος,Nominative,Singular
λόγος,G3056,Psa,118,107,λόγον,Accusative,Singular
λόγος,G3056,Psa,118,114,λόγον,Accusative,Singular
λόγος,G3056,Psa,118,130,λόγων,Genitive,Plural
λόγος,G3056,Psa,118,139,λόγων,Genitive,Plural
λόγος,G3056,Psa,118,147,λόγους,Accusative,Plural
λόγος,G3056,Psa,118,154,λόγον,Accusative,Singular
λόγος,G3056,Psa,118,160,λόγων,Genitive,Plural
λόγος,G3056,Psa,118,161,λόγων,Genitive,Plural
λόγος,G3056,Psa,129,5,λόγον,Accusative,Singular
λόγος,G3056,Psa,136,3,λόγους,Accusative,Plural
λόγος,G3056,Psa,138,4,λόγος,Nominative,Singular
λόγος,G3056,Psa,140,4,λόγους,Accusative,Plural
λόγος,G3056,Psa,144,13,λόγοις,Dative,Plural
λόγος,G3056,Psa,147,4,λόγος,Nominative,Singular
λόγος,G3056,Psa,147,7,λόγον,Accusative,Singular
λόγος,G3056,Psa,147,8,λόγον,Accusative,Singular
λόγος,G3056,Psa,148,8,λόγον,Accusative,Singular
λόγος,G3056,Pro,1,2,λόγους,Accusative,Plural
λόγος,G3056,Pro,1,3,λόγων,Genitive,Plural
λόγος,G3056,Pro,1,6,λόγον,Accusative,Singular
λόγος,G3056,Pro,1,23,λόγον,Accusative,Singular
λόγος,G3056,Pro,1,24,λόγους,Accusative,Plural
λόγος,G3056,Pro,4,4,λόγος,Nominative,Singular
λόγος,G3056,Pro,4,10,λόγους,Accusative,Plural
λόγος,G3056,Pro,4,20,λόγοις,Dative,Plural
λόγος,G3056,Pro,5,1,λόγοις,Dative,Plural
λόγος,G3056,Pro,5,7,λόγους,Accusative,Plural
λόγος,G3056,Pro,7,1,λόγους,Accusative,Plural
λόγος,G3056,Pro,7,2,λόγους,Accusative,Plural
λόγος,G3056,Pro,7,5,λόγοις,Dative,Plural
λόγος,G3056,Pro,12,6,λόγοι,Nominative,Plural
λόγος,G3056,Pro,12,25,λόγος,Nominative,Singular
λόγος,G3056,Pro,13,5,λόγον,Accusative,Singular
λόγος,G3056,Pro,14,15,λόγῳ,Dative,Singular
λόγος,G3056,Pro,15,1,λόγος,Nominative,Singular
λόγος,G3056,Pro,16,13,λόγους,Accusative,Plural
λόγος,G3056,Pro,16,21,λόγῳ,Dative,Singular
λόγος,G3056,Pro,16,24,λόγοι,Nominative,Plural
λόγος,G3056,Pro,17,14,λόγοις,Dative,Plural
λόγος,G3056,Pro,18,4,λόγος,Nominative,Singular
λόγος,G3056,Pro,18,13,λόγον,Accusative,Singular
λόγος,G3056,Pro,19,7,λόγους,Accusative,Plural
λόγος,G3056,Pro,22,12,λόγους,Accusative,Plural
λόγος,G3056,Pro,22,17,λόγοις,Dative,Plural
λόγος,G3056,Pro,22,17,λόγον,Accusative,Singular
λόγος,G3056,Pro,22,21,λόγον,Accusative,Singular
λόγος,G3056,Pro,22,21,λόγους,Accusative,Plural
λόγος,G3056,Pro,23,8,λόγους,Accusative,Plural
λόγος,G3056,Pro,23,9,λόγους,Accusative,Plural
λόγος,G3056,Pro,23,12,λόγοις,Dative,Plural
λόγος,G3056,Pro,23,16,λόγοις,Dative,Plural
λόγος,G3056,Pro,24,22,λόγον,Accusative,Singular
λόγος,G3056,Pro,30,1,λόγους,Accusative,Plural
λόγος,G3056,Pro,30,5,λόγοι,Nominative,Plural
λόγος,G3056,Pro,30,6,λόγοις,Dative,Plural
λόγος,G3056,Pro,30,8,λόγον,Accusative,Singular
λόγος,G3056,Pro,24,26,λόγους,Accusative,Plural
λόγος,G3056,Pro,30,33,λόγους,Accusative,Plural
λόγος,G3056,Pro,31,1,λόγοι,Nominative,Plural
λόγος,G3056,Pro,31,8,λόγῳ,Dative,Singular
λόγος,G3056,Pro,32,2,λόγον,Accusative,Singular
λόγος,G3056,Pro,32,11,λόγον,Accusative,Singular
λόγος,G3056,Pro,32,12,λόγος,Nominative,Singular
λόγος,G3056,Pro,32,27,λόγους,Accusative,Plural
λόγος,G3056,Pro,33,6,λόγον,Accusative,Singular
λόγος,G3056,Pro,33,18,λόγους,Accusative,Plural
λόγος,G3056,Pro,33,18,λόγῳ,Dative,Singular
λόγος,G3056,Pro,33,22,λόγοι,Nominative,Plural
λόγος,G3056,Pro,34,11,λόγους,Accusative,Plural
λόγος,G3056,Pro,36,12,λόγον,Accusative,Singular
λόγος,G3056,Pro,36,19,λόγοις,Dative,Plural
λόγος,G3056,Pro,36,20,λόγοις,Dative,Plural
λόγος,G3056,Ecc,1,8,λόγοι,Nominative,Plural
λόγος,G3056,Ecc,5,1,λόγον,Accusative,Singular
λόγος,G3056,Ecc,5,1,λόγοι,Nominative,Plural
λόγος,G3056,Ecc,5,2,λόγων,Genitive,Plural
λόγος,G3056,Ecc,5,6,λόγοι,Nominative,Plural
λόγος,G3056,Ecc,6,11,λόγοι,Nominative,Plural
λόγος,G3056,Ecc,7,8,λόγων,Genitive,Plural
λόγος,G3056,Ecc,7,21,λόγους,Accusative,Plural
λόγος,G3056,Ecc,8,2,λόγου,Genitive,Singular
λόγος,G3056,Ecc,8,3,λόγῳ,Dative,Singular
λόγος,G3056,Ecc,9,16,λόγοι,Nominative,Plural
λόγος,G3056,Ecc,9,17,λόγοι,Nominative,Plural
λόγος,G3056,Ecc,10,12,λόγοι,Nominative,Plural
λόγος,G3056,Ecc,10,13,λόγων,Genitive,Plural
λόγος,G3056,Ecc,10,14,λόγους,Accusative,Plural
λόγος,G3056,Ecc,10,20,λόγον,Accusative,Singular
λόγος,G3056,Ecc,12,10,λόγους,Accusative,Plural
λόγος,G3056,Ecc,12,10,λόγους,Accusative,Plural
λόγος,G3056,Ecc,12,11,λόγοι,Nominative,Plural
λόγος,G3056,Ecc,12,13,λόγου,Genitive,Singular
λόγος,G3056,Sng,5,6,λόγῳ,Dative,Singular
λόγος,G3056,Job,4,12,λόγοις,Dative,Plural
λόγος,G3056,Job,7,13,λόγον,Accusative,Singular
λόγος,G3056,Job,9,3,λόγον,Accusative,Singular
λόγος,G3056,Job,11,12,λόγοις,Dative,Plural
λόγος,G3056,Job,14,3,λόγον,Accusative,Singular
λόγος,G3056,Job,15,3,λόγοις,Dative,Plural
λόγος,G3056,Job,19,2,λόγοις,Dative,Plural
λόγος,G3056,Job,19,28,λόγου,Genitive,Singular
λόγος,G3056,Job,21,2,λόγων,Genitive,Plural
λόγος,G3056,Job,22,4,λόγον,Accusative,Singular
λόγος,G3056,Job,26,14,λόγου,Genitive,Singular
λόγος,G3056,Job,32,11,λόγους,Accusative,Plural
λόγος,G3056,Job,32,15,λόγους,Accusative,Plural
λόγος,G3056,Job,33,32,λόγοι,Nominative,Plural
λόγος,G3056,Job,34,3,λόγους,Accusative,Plural
λόγος,G3056,Job,41,4,λόγον,Accusative,Singular
λόγος,G3056,Hos,1,1,λόγος,Nominative,Singular
λόγος,G3056,Hos,1,2,λόγου,Genitive,Singular
λόγος,G3056,Hos,4,1,λόγον,Accusative,Singular
λόγος,G3056,Hos,13,1,λόγον,Accusative,Singular
λόγος,G3056,Hos,14,3,λόγους,Accusative,Plural
λόγος,G3056,Mic,1,1,λόγος,Nominative,Singular
λόγος,G3056,Mic,1,2,λόγους,Accusative,Plural
λόγος,G3056,Mic,2,7,λόγοι,Nominative,Plural
λόγος,G3056,Mic,4,2,λόγος,Nominative,Singular
λόγος,G3056,Mic,6,1,λόγον,Accusative,Singular
λόγος,G3056,Mic,7,3,λόγους,Accusative,Plural
λόγος,G3056,Amo,1,1,λόγοι,Nominative,Plural
λόγος,G3056,Amo,3,1,λόγον,Accusative,Singular
λόγος,G3056,Amo,4,1,λόγον,Accusative,Singular
λόγος,G3056,Amo,5,1,λόγον,Accusative,Singular
λόγος,G3056,Amo,5,10,λόγον,Accusative,Singular
λόγος,G3056,Amo,6,13,λόγῳ,Dative,Singular
λόγος,G3056,Amo,7,10,λόγους,Accusative,Plural
λόγος,G3056,Amo,7,16,λόγον,Accusative,Singular
λόγος,G3056,Amo,8,11,λόγον,Accusative,Singular
λόγος,G3056,Amo,8,12,λόγον,Accusative,Singular
λόγος,G3056,Jol,1,1,λόγος,Nominative,Singular
λόγος,G3056,Jol,2,11,λόγων,Genitive,Plural
λόγος,G3056,Jon,1,1,λόγος,Nominative,Singular
λόγος,G3056,Jon,3,1,λόγος,Nominative,Singular
λόγος,G3056,Jon,3,6,λόγος,Nominative,Singular
λόγος,G3056,Jon,4,2,λόγοι,Nominative,Plural
λόγος,G3056,Hab,3,5,λόγος,Nominative,Singular
λόγος,G3056,Zep,1,1,λόγος,Nominative,Singular
λόγος,G3056,Zep,2,5,λόγος,Nominative,Singular
λόγος,G3056,Hag,1,1,λόγος,Nominative,Singular
λόγος,G3056,Hag,1,3,λόγος,Nominative,Singular
λόγος,G3056,Hag,1,12,λόγων,Genitive,Plural
λόγος,G3056,Hag,2,10,λόγος,Nominative,Singular
λόγος,G3056,Hag,2,20,λόγος,Nominative,Singular
λόγος,G3056,Zec,1,1,λόγος,Nominative,Singular
λόγος,G3056,Zec,1,6,λόγους,Accusative,Plural
λόγος,G3056,Zec,1,7,λόγος,Nominative,Singular
λόγος,G3056,Zec,1,13,λόγους,Accusative,Plural
λόγος,G3056,Zec,4,6,λόγος,Nominative,Singular
λόγος,G3056,Zec,4,8,λόγος,Nominative,Singular
λόγος,G3056,Zec,6,9,λόγος,Nominative,Singular
λόγος,G3056,Zec,7,1,λόγος,Nominative,Singular
λόγος,G3056,Zec,7,4,λόγος,Nominative,Singular
λόγος,G3056,Zec,7,7,λόγοι,Nominative,Plural
λόγος,G3056,Zec,7,8,λόγος,Nominative,Singular
λόγος,G3056,Zec,7,12,λόγους,Accusative,Plural
λόγος,G3056,Zec,8,1,λόγος,Nominative,Singular
λόγος,G3056,Zec,8,9,λόγους,Accusative,Plural
λόγος,G3056,Zec,8,16,λόγοι,Nominative,Plural
λόγος,G3056,Zec,8,18,λόγος,Nominative,Singular
λόγος,G3056,Zec,9,1,λόγου,Genitive,Singular
λόγος,G3056,Zec,11,11,λόγος,Nominative,Singular
λόγος,G3056,Zec,12,1,λόγου,Genitive,Singular
λόγος,G3056,Mal,1,1,λόγου,Genitive,Singular
λόγος,G3056,Mal,2,17,λόγοις,Dative,Plural
λόγος,G3056,Mal,3,13,λόγους,Accusative,Plural
λόγος,G3056,Isa,1,10,λόγον,Accusative,Singular
λόγος,G3056,Isa,2,1,λόγος,Nominative,Singular
λόγος,G3056,Isa,2,3,λόγος,Nominative,Singular
λόγος,G3056,Isa,8,10,λόγον,Accusative,Singular
λόγος,G3056,Isa,10,22,λόγον,Accusative,Singular
λόγος,G3056,Isa,10,23,λόγον,Accusative,Singular
λόγος,G3056,Isa,11,4,λόγῳ,Dative,Singular
λόγος,G3056,Isa,28,14,λόγον,Accusative,Singular
λόγος,G3056,Isa,28,23,λόγους,Accusative,Plural
λόγος,G3056,Isa,29,4,λόγοι,Nominative,Plural
λόγος,G3056,Isa,29,4,λόγοι,Nominative,Plural
λόγος,G3056,Isa,29,11,λόγοι,Nominative,Plural
λόγος,G3056,Isa,29,18,λόγους,Accusative,Plural
λόγος,G3056,Isa,29,21,λόγῳ,Dative,Singular
λόγος,G3056,Isa,30,12,λόγοις,Dative,Plural
λόγος,G3056,Isa,30,12,λόγῳ,Dative,Singular
λόγος,G3056,Isa,30,21,λόγους,Accusative,Plural
λόγος,G3056,Isa,31,2,λόγος,Nominative,Singular
λόγος,G3056,Isa,32,2,λόγους,Accusative,Plural
λόγος,G3056,Isa,32,7,λόγοις,Dative,Plural
λόγος,G3056,Isa,32,7,λόγους,Accusative,Plural
λόγος,G3056,Isa,32,9,λόγους,Accusative,Plural
λόγος,G3056,Isa,36,5,λόγοις,Dative,Plural
λόγος,G3056,Isa,36,12,λόγους,Accusative,Plural
λόγος,G3056,Isa,36,13,λόγους,Accusative,Plural
λόγος,G3056,Isa,36,14,λόγοις,Dative,Plural
λόγος,G3056,Isa,36,21,λόγον,Accusative,Singular
λόγος,G3056,Isa,36,22,λόγους,Accusative,Plural
λόγος,G3056,Isa,37,4,λόγους,Accusative,Plural
λόγος,G3056,Isa,37,4,λόγους,Accusative,Plural
λόγος,G3056,Isa,37,6,λόγων,Genitive,Plural
λόγος,G3056,Isa,37,17,λόγους,Accusative,Plural
λόγος,G3056,Isa,37,22,λόγος,Nominative,Singular
λόγος,G3056,Isa,38,4,λόγος,Nominative,Singular
λόγος,G3056,Isa,39,5,λόγον,Accusative,Singular
λόγος,G3056,Isa,39,8,λόγος,Nominative,Singular
λόγος,G3056,Isa,41,26,λόγους,Accusative,Plural
λόγος,G3056,Isa,45,23,λόγοι,Nominative,Plural
λόγος,G3056,Isa,50,4,λόγον,Accusative,Singular
λόγος,G3056,Isa,51,16,λόγους,Accusative,Plural
λόγος,G3056,Isa,58,13,λόγον,Accusative,Singular
λόγος,G3056,Isa,59,13,λόγους,Accusative,Plural
λόγος,G3056,Isa,66,2,λόγους,Accusative,Plural
λόγος,G3056,Isa,66,5,λόγον,Accusative,Singular
λόγος,G3056,Jer,1,2,λόγος,Nominative,Singular
λόγος,G3056,Jer,1,4,λόγος,Nominative,Singular
λόγος,G3056,Jer,1,9,λόγους,Accusative,Plural
λόγος,G3056,Jer,1,11,λόγος,Nominative,Singular
λόγος,G3056,Jer,1,12,λόγους,Accusative,Plural
λόγος,G3056,Jer,1,13,λόγος,Nominative,Singular
λόγος,G3056,Jer,2,4,λόγον,Accusative,Singular
λόγος,G3056,Jer,2,31,λόγον,Accusative,Singular
λόγος,G3056,Jer,3,12,λόγους,Accusative,Plural
λόγος,G3056,Jer,5,13,λόγος,Nominative,Singular
λόγος,G3056,Jer,5,14,λόγους,Accusative,Plural
λόγος,G3056,Jer,6,19,λόγων,Genitive,Plural
λόγος,G3056,Jer,7,2,λόγον,Accusative,Singular
λόγος,G3056,Jer,7,4,λόγοις,Dative,Plural
λόγος,G3056,Jer,7,8,λόγοις,Dative,Plural
λόγος,G3056,Jer,7,27,λόγον,Accusative,Singular
λόγος,G3056,Jer,8,9,λόγον,Accusative,Singular
λόγος,G3056,Jer,9,11,λόγος,Nominative,Singular
λόγος,G3056,Jer,9,19,λόγον,Accusative,Singular
λόγος,G3056,Jer,9,19,λόγους,Accusative,Plural
λόγος,G3056,Jer,10,1,λόγον,Accusative,Singular
λόγος,G3056,Jer,11,1,λόγος,Nominative,Singular
λόγος,G3056,Jer,11,2,λόγους,Accusative,Plural
λόγος,G3056,Jer,11,3,λόγων,Genitive,Plural
λόγος,G3056,Jer,11,6,λόγους,Accusative,Plural
λόγος,G3056,Jer,11,6,λόγους,Accusative,Plural
λόγος,G3056,Jer,11,10,λόγων,Genitive,Plural
λόγος,G3056,Jer,13,2,λόγον,Accusative,Singular
λόγος,G3056,Jer,13,3,λόγος,Nominative,Singular
λόγος,G3056,Jer,13,8,λόγος,Nominative,Singular
λόγος,G3056,Jer,13,10,λόγων,Genitive,Plural
λόγος,G3056,Jer,14,1,λόγος,Nominative,Singular
λόγος,G3056,Jer,14,17,λόγον,Accusative,Singular
λόγος,G3056,Jer,15,16,λόγους,Accusative,Plural
λόγος,G3056,Jer,15,16,λόγος,Nominative,Singular
λόγος,G3056,Jer,17,15,λόγος,Nominative,Singular
λόγος,G3056,Jer,17,20,λόγον,Accusative,Singular
λόγος,G3056,Jer,18,1,λόγος,Nominative,Singular
λόγος,G3056,Jer,18,2,λόγους,Accusative,Plural
λόγος,G3056,Jer,18,5,λόγος,Nominative,Singular
λόγος,G3056,Jer,18,18,λόγος,Nominative,Singular
λόγος,G3056,Jer,18,18,λόγους,Accusative,Plural
λόγος,G3056,Jer,18,22,λόγον,Accusative,Singular
λόγος,G3056,Jer,19,2,λόγους,Accusative,Plural
λόγος,G3056,Jer,19,3,λόγον,Accusative,Singular
λόγος,G3056,Jer,19,15,λόγων,Genitive,Plural
λόγος,G3056,Jer,20,1,λόγους,Accusative,Plural
λόγος,G3056,Jer,20,8,λόγῳ,Dative,Singular
λόγος,G3056,Jer,20,8,λόγος,Nominative,Singular
λόγος,G3056,Jer,21,1,λόγος,Nominative,Singular
λόγος,G3056,Jer,21,11,λόγον,Accusative,Singular
λόγος,G3056,Jer,22,1,λόγον,Accusative,Singular
λόγος,G3056,Jer,22,2,λόγον,Accusative,Singular
λόγος,G3056,Jer,22,4,λόγον,Accusative,Singular
λόγος,G3056,Jer,22,5,λόγους,Accusative,Plural
λόγος,G3056,Jer,22,29,λόγον,Accusative,Singular
λόγος,G3056,Jer,23,16,λόγους,Accusative,Plural
λόγος,G3056,Jer,23,17,λόγον,Accusative,Singular
λόγος,G3056,Jer,23,18,λόγον,Accusative,Singular
λόγος,G3056,Jer,23,22,λόγων,Genitive,Plural
λόγος,G3056,Jer,23,28,λόγος,Nominative,Singular
λόγος,G3056,Jer,23,28,λόγον,Accusative,Singular
λόγος,G3056,Jer,23,28,λόγοι,Nominative,Plural
λόγος,G3056,Jer,23,29,λόγοι,Nominative,Plural
λόγος,G3056,Jer,23,30,λόγους,Accusative,Plural
λόγος,G3056,Jer,23,36,λόγος,Nominative,Singular
λόγος,G3056,Jer,23,38,λόγον,Accusative,Singular
λόγος,G3056,Jer,24,4,λόγος,Nominative,Singular
λόγος,G3056,Jer,25,1,λόγος,Nominative,Singular
λόγος,G3056,Jer,25,8,λόγοις,Dative,Plural
λόγος,G3056,Jer,25,13,λόγους,Accusative,Plural
λόγος,G3056,Jer,25,20,λόγος,Nominative,Singular
λόγος,G3056,Jer,27,1,λόγος,Nominative,Singular
λόγος,G3056,Jer,28,59,λόγος,Nominative,Singular
λόγος,G3056,Jer,28,60,λόγους,Accusative,Plural
λόγος,G3056,Jer,28,61,λόγους,Accusative,Plural
λόγος,G3056,Jer,32,30,λόγους,Accusative,Plural
λόγος,G3056,Jer,32,30,λόγον,Accusative,Singular
λόγος,G3056,Jer,33,1,λόγος,Nominative,Singular
λόγος,G3056,Jer,33,2,λόγους,Accusative,Plural
λόγος,G3056,Jer,33,5,λόγων,Genitive,Plural
λόγος,G3056,Jer,33,7,λόγους,Accusative,Plural
λόγος,G3056,Jer,33,10,λόγον,Accusative,Singular
λόγος,G3056,Jer,33,12,λόγους,Accusative,Plural
λόγος,G3056,Jer,33,15,λόγους,Accusative,Plural
λόγος,G3056,Jer,33,20,λόγους,Accusative,Plural
λόγος,G3056,Jer,33,21,λόγους,Accusative,Plural
λόγος,G3056,Jer,34,12,λόγους,Accusative,Plural
λόγος,G3056,Jer,34,16,λόγων,Genitive,Plural
λόγος,G3056,Jer,34,18,λόγος,Nominative,Singular
λόγος,G3056,Jer,35,6,λόγον,Accusative,Singular
λόγος,G3056,Jer,35,7,λόγον,Accusative,Singular
λόγος,G3056,Jer,35,9,λόγου,Genitive,Singular
λόγος,G3056,Jer,35,12,λόγος,Nominative,Singular
λόγος,G3056,Jer,36,1,λόγοι,Nominative,Plural
λόγος,G3056,Jer,36,10,λόγους,Accusative,Plural
λόγος,G3056,Jer,36,23,λόγον,Accusative,Singular
λόγος,G3056,Jer,36,30,λόγος,Nominative,Singular
λόγος,G3056,Jer,37,1,λόγος,Nominative,Singular
λόγος,G3056,Jer,37,2,λόγους,Accusative,Plural
λόγος,G3056,Jer,37,4,λόγοι,Nominative,Plural
λόγος,G3056,Jer,38,10,λόγον,Accusative,Singular
λόγος,G3056,Jer,38,20,λόγοι,Nominative,Plural
λόγος,G3056,Jer,38,23,λόγον,Accusative,Singular
λόγος,G3056,Jer,39,1,λόγος,Nominative,Singular
λόγος,G3056,Jer,39,6,λόγος,Nominative,Singular
λόγος,G3056,Jer,39,8,λόγος,Nominative,Singular
λόγος,G3056,Jer,39,26,λόγος,Nominative,Singular
λόγος,G3056,Jer,40,1,λόγος,Nominative,Singular
λόγος,G3056,Jer,41,1,λόγος,Nominative,Singular
λόγος,G3056,Jer,41,4,λόγον,Accusative,Singular
λόγος,G3056,Jer,41,5,λόγον,Accusative,Singular
λόγος,G3056,Jer,41,6,λόγους,Accusative,Plural
λόγος,G3056,Jer,41,8,λόγος,Nominative,Singular
λόγος,G3056,Jer,41,12,λόγος,Nominative,Singular
λόγος,G3056,Jer,42,1,λόγος,Nominative,Singular
λόγος,G3056,Jer,42,12,λόγος,Nominative,Singular
λόγος,G3056,Jer,42,13,λόγους,Accusative,Plural
λόγος,G3056,Jer,43,1,λόγος,Nominative,Singular
λόγος,G3056,Jer,43,2,λόγους,Accusative,Plural
λόγος,G3056,Jer,43,4,λόγους,Accusative,Plural
λόγος,G3056,Jer,43,8,λόγους,Accusative,Plural
λόγος,G3056,Jer,43,10,λόγους,Accusative,Plural
λόγος,G3056,Jer,43,11,λόγους,Accusative,Plural
λόγος,G3056,Jer,43,13,λόγους,Accusative,Plural
λόγος,G3056,Jer,43,16,λόγους,Accusative,Plural
λόγος,G3056,Jer,43,16,λόγους,Accusative,Plural
λόγος,G3056,Jer,43,17,λόγους,Accusative,Plural
λόγος,G3056,Jer,43,18,λόγους,Accusative,Plural
λόγος,G3056,Jer,43,20,λόγους,Accusative,Plural
λόγος,G3056,Jer,43,24,λόγους,Accusative,Plural
λόγος,G3056,Jer,43,27,λόγος,Nominative,Singular
λόγος,G3056,Jer,43,27,λόγους,Accusative,Plural
λόγος,G3056,Jer,43,28,λόγους,Accusative,Plural
λόγος,G3056,Jer,43,32,λόγους,Accusative,Plural
λόγος,G3056,Jer,43,32,λόγοι,Nominative,Plural
λόγος,G3056,Jer,44,2,λόγους,Accusative,Plural
λόγος,G3056,Jer,44,6,λόγος,Nominative,Singular
λόγος,G3056,Jer,44,17,λόγος,Nominative,Singular
λόγος,G3056,Jer,45,1,λόγους,Accusative,Plural
λόγος,G3056,Jer,45,4,λόγους,Accusative,Plural
λόγος,G3056,Jer,45,14,λόγον,Accusative,Singular
λόγος,G3056,Jer,45,19,λόγον,Accusative,Singular
λόγος,G3056,Jer,45,20,λόγον,Accusative,Singular
λόγος,G3056,Jer,45,21,λόγος,Nominative,Singular
λόγος,G3056,Jer,45,24,λόγων,Genitive,Plural
λόγος,G3056,Jer,45,27,λόγους,Accusative,Plural
λόγος,G3056,Jer,45,27,λόγος,Nominative,Singular
λόγος,G3056,Jer,46,15,λόγος,Nominative,Singular
λόγος,G3056,Jer,46,16,λόγους,Accusative,Plural
λόγος,G3056,Jer,47,1,λόγος,Nominative,Singular
λόγος,G3056,Jer,49,3,λόγον,Accusative,Singular
λόγος,G3056,Jer,49,4,λόγους,Accusative,Plural
λόγος,G3056,Jer,49,4,λόγος,Nominative,Singular
λόγος,G3056,Jer,49,5,λόγον,Accusative,Singular
λόγος,G3056,Jer,49,7,λόγος,Nominative,Singular
λόγος,G3056,Jer,49,15,λόγον,Accusative,Singular
λόγος,G3056,Jer,49,16,λόγον,Accusative,Singular
λόγος,G3056,Jer,50,1,λόγους,Accusative,Plural
λόγος,G3056,Jer,50,1,λόγους,Accusative,Plural
λόγος,G3056,Jer,50,8,λόγος,Nominative,Singular
λόγος,G3056,Jer,51,1,λόγος,Nominative,Singular
λόγος,G3056,Jer,51,16,λόγος,Nominative,Singular
λόγος,G3056,Jer,51,17,λόγον,Accusative,Singular
λόγος,G3056,Jer,51,20,λόγους,Accusative,Plural
λόγος,G3056,Jer,51,24,λόγον,Accusative,Singular
λόγος,G3056,Jer,51,26,λόγον,Accusative,Singular
λόγος,G3056,Jer,51,28,λόγος,Nominative,Singular
λόγος,G3056,Jer,51,31,λόγος,Nominative,Singular
λόγος,G3056,Jer,51,31,λόγους,Accusative,Plural
λόγος,G3056,Ezk,1,3,λόγος,Nominative,Singular
λόγος,G3056,Ezk,2,6,λόγους,Accusative,Plural
λόγος,G3056,Ezk,2,7,λόγους,Accusative,Plural
λόγος,G3056,Ezk,3,4,λόγους,Accusative,Plural
λόγος,G3056,Ezk,3,6,λόγους,Accusative,Plural
λόγος,G3056,Ezk,3,10,λόγους,Accusative,Plural
λόγος,G3056,Ezk,3,16,λόγος,Nominative,Singular
λόγος,G3056,Ezk,3,17,λόγον,Accusative,Singular
λόγος,G3056,Ezk,6,1,λόγος,Nominative,Singular
λόγος,G3056,Ezk,6,3,λόγον,Accusative,Singular
λόγος,G3056,Ezk,7,1,λόγος,Nominative,Singular
λόγος,G3056,Ezk,11,14,λόγος,Nominative,Singular
λόγος,G3056,Ezk,11,25,λόγους,Accusative,Plural
λόγος,G3056,Ezk,12,1,λόγος,Nominative,Singular
λόγος,G3056,Ezk,12,8,λόγος,Nominative,Singular
λόγος,G3056,Ezk,12,17,λόγος,Nominative,Singular
λόγος,G3056,Ezk,12,21,λόγος,Nominative,Singular
λόγος,G3056,Ezk,12,23,λόγος,Nominative,Singular
λόγος,G3056,Ezk,12,25,λόγους,Accusative,Plural
λόγος,G3056,Ezk,12,25,λόγον,Accusative,Singular
λόγος,G3056,Ezk,12,26,λόγος,Nominative,Singular
λόγος,G3056,Ezk,12,28,λόγοι,Nominative,Plural
λόγος,G3056,Ezk,13,1,λόγος,Nominative,Singular
λόγος,G3056,Ezk,13,2,λόγον,Accusative,Singular
λόγος,G3056,Ezk,13,6,λόγον,Accusative,Singular
λόγος,G3056,Ezk,13,8,λόγοι,Nominative,Plural
λόγος,G3056,Ezk,14,2,λόγος,Nominative,Singular
λόγος,G3056,Ezk,14,12,λόγος,Nominative,Singular
λόγος,G3056,Ezk,15,1,λόγος,Nominative,Singular
λόγος,G3056,Ezk,16,1,λόγος,Nominative,Singular
λόγος,G3056,Ezk,16,35,λόγον,Accusative,Singular
λόγος,G3056,Ezk,17,1,λόγος,Nominative,Singular
λόγος,G3056,Ezk,17,11,λόγος,Nominative,Singular
λόγος,G3056,Ezk,18,1,λόγος,Nominative,Singular
λόγος,G3056,Ezk,20,2,λόγος,Nominative,Singular
λόγος,G3056,Ezk,21,1,λόγος,Nominative,Singular
λόγος,G3056,Ezk,21,3,λόγον,Accusative,Singular
λόγος,G3056,Ezk,21,6,λόγος,Nominative,Singular
λόγος,G3056,Ezk,21,13,λόγος,Nominative,Singular
λόγος,G3056,Ezk,21,23,λόγος,Nominative,Singular
λόγος,G3056,Ezk,22,1,λόγος,Nominative,Singular
λόγος,G3056,Ezk,22,17,λόγος,Nominative,Singular
λόγος,G3056,Ezk,22,23,λόγος,Nominative,Singular
λόγος,G3056,Ezk,23,1,λόγος,Nominative,Singular
λόγος,G3056,Ezk,24,1,λόγος,Nominative,Singular
λόγος,G3056,Ezk,24,15,λόγος,Nominative,Singular
λόγος,G3056,Ezk,24,20,λόγος,Nominative,Singular
λόγος,G3056,Ezk,25,1,λόγος,Nominative,Singular
λόγος,G3056,Ezk,25,3,λόγον,Accusative,Singular
λόγος,G3056,Ezk,26,1,λόγος,Nominative,Singular
λόγος,G3056,Ezk,27,1,λόγος,Nominative,Singular
λόγος,G3056,Ezk,28,1,λόγος,Nominative,Singular
λόγος,G3056,Ezk,28,11,λόγος,Nominative,Singular
λόγος,G3056,Ezk,28,20,λόγος,Nominative,Singular
λόγος,G3056,Ezk,29,1,λόγος,Nominative,Singular
λόγος,G3056,Ezk,29,17,λόγος,Nominative,Singular
λόγος,G3056,Ezk,30,1,λόγος,Nominative,Singular
λόγος,G3056,Ezk,30,20,λόγος,Nominative,Singular
λόγος,G3056,Ezk,31,1,λόγος,Nominative,Singular
λόγος,G3056,Ezk,32,1,λόγος,Nominative,Singular
λόγος,G3056,Ezk,32,17,λόγος,Nominative,Singular
λόγος,G3056,Ezk,33,1,λόγος,Nominative,Singular
λόγος,G3056,Ezk,33,7,λόγον,Accusative,Singular
λόγος,G3056,Ezk,33,23,λόγος,Nominative,Singular
λόγος,G3056,Ezk,34,1,λόγος,Nominative,Singular
λόγος,G3056,Ezk,34,7,λόγον,Accusative,Singular
λόγος,G3056,Ezk,35,1,λόγος,Nominative,Singular
λόγος,G3056,Ezk,36,1,λόγον,Accusative,Singular
λόγος,G3056,Ezk,36,4,λόγον,Accusative,Singular
λόγος,G3056,Ezk,36,16,λόγος,Nominative,Singular
λόγος,G3056,Ezk,37,4,λόγον,Accusative,Singular
λόγος,G3056,Ezk,37,15,λόγος,Nominative,Singular
λόγος,G3056,Ezk,38,1,λόγος,Nominative,Singular
λόγος,G3056,Dan,1,20,λόγῳ,Dative,Singular
λόγος,G3056,Dan,2,9,λόγους,Accusative,Plural
λόγος,G3056,Dan,2,11,λόγος,Nominative,Singular
λόγος,G3056,Dan,4,27,λόγους,Accusative,Plural
λόγος,G3056,Dan,4,27,λόγος,Nominative,Singular
λόγος,G3056,Dan,4,28,λόγων,Genitive,Plural
λόγος,G3056,Dan,4,28,λόγους,Accusative,Plural
λόγος,G3056,Dan,4,31,λόγου,Genitive,Singular
λόγος,G3056,Dan,6,13,λόγος,Nominative,Singular
λόγος,G3056,Dan,7,1,λόγων,Genitive,Plural
λόγος,G3056,Dan,7,11,λόγων,Genitive,Plural
λόγος,G3056,Dan,7,16,λόγων,Genitive,Plural
λόγος,G3056,Dan,7,28,λόγου,Genitive,Singular
λόγος,G3056,Dan,12,3,λόγους,Accusative,Plural
λόγος,G3056,Dan,12,8,λόγου,Genitive,Singular
ῥῆμα,G4487,Gen,15,1,ῥήματα,Accusative,Plural
ῥῆμα,G4487,Gen,15,1,ῥῆμα,Nominative,Singular
ῥῆμα,G4487,Gen,18,14,ῥῆμα,Nominative,Singular
ῥῆμα,G4487,Gen,18,25,ῥῆμα,Accusative,Singular
ῥῆμα,G4487,Gen,19,21,ῥήματι,Dative,Singular
ῥῆμα,G4487,Gen,20,8,ῥήματα,Accusative,Plural
ῥῆμα,G4487,Gen,21,11,ῥῆμα,Nominative,Singular
ῥῆμα,G4487,Gen,21,12,ῥῆμα,Nominative,Singular
ῥῆμα,G4487,Gen,22,1,ῥήματα,Accusative,Plural
ῥῆμα,G4487,Gen,22,16,ῥῆμα,Accusative,Singular
ῥῆμα,G4487,Gen,22,20,ῥήματα,Accusative,Plural
ῥῆμα,G4487,Gen,24,9,ῥήματος,Genitive,Singular
ῥῆμα,G4487,Gen,24,28,ῥήματα,Accusative,Plural
ῥῆμα,G4487,Gen,24,30,ῥήματα,Accusative,Plural
ῥῆμα,G4487,Gen,24,33,ῥήματά,Accusative,Plural
ῥῆμα,G4487,Gen,24,52,ῥημάτων,Genitive,Plural
ῥῆμα,G4487,Gen,24,66,ῥήματα,Accusative,Plural
ῥῆμα,G4487,Gen,27,34,ῥήματα,Accusative,Plural
ῥῆμα,G4487,Gen,27,42,ῥήματα,Nominative,Plural
ῥῆμα,G4487,Gen,29,12,ῥήματα,Accusative,Plural
ῥῆμα,G4487,Gen,30,31,ῥῆμα,Accusative,Singular
ῥῆμα,G4487,Gen,30,34,ῥῆμά,Accusative,Singular
ῥῆμα,G4487,Gen,31,1,ῥήματα,Accusative,Plural
ῥῆμα,G4487,Gen,32,20,ῥῆμα,Accusative,Singular
ῥῆμα,G4487,Gen,34,14,ῥῆμα,Accusative,Singular
ῥῆμα,G4487,Gen,34,19,ῥῆμα,Accusative,Singular
ῥῆμα,G4487,Gen,37,8,ῥημάτων,Genitive,Plural
ῥῆμα,G4487,Gen,37,11,ῥῆμα,Accusative,Singular
ῥῆμα,G4487,Gen,39,7,ῥήματα,Accusative,Plural
ῥῆμα,G4487,Gen,39,9,ῥῆμα,Accusative,Singular
ῥῆμα,G4487,Gen,39,17,ῥήματα,Accusative,Plural
ῥῆμα,G4487,Gen,39,19,ῥήματα,Accusative,Plural
ῥῆμα,G4487,Gen,40,1,ῥήματα,Accusative,Plural
ῥῆμα,G4487,Gen,41,28,ῥῆμα,Accusative,Singular
ῥῆμα,G4487,Gen,41,32,ῥῆμα,Nominative,Singular
ῥῆμα,G4487,Gen,41,37,ῥήματα,Nominative,Plural
ῥῆμα,G4487,Gen,42,16,ῥήματα,Accusative,Plural
ῥῆμα,G4487,Gen,42,20,ῥήματα,Nominative,Plural
ῥῆμα,G4487,Gen,44,2,ῥῆμα,Accusative,Singular
ῥῆμα,G4487,Gen,44,6,ῥήματα,Accusative,Plural
ῥῆμα,G4487,Gen,44,7,ῥήματα,Accusative,Plural
ῥῆμα,G4487,Gen,44,7,ῥῆμα,Accusative,Singular
ῥῆμα,G4487,Gen,44,17,ῥῆμα,Accusative,Singular
ῥῆμα,G4487,Gen,44,18,ῥῆμα,Accusative,Singular
ῥῆμα,G4487,Gen,44,24,ῥήματα,Accusative,Plural
ῥῆμα,G4487,Gen,47,30,ῥῆμά,Accusative,Singular
ῥῆμα,G4487,Gen,48,1,ῥήματα,Accusative,Plural
ῥῆμα,G4487,Exo,2,14,ῥῆμα,Nominative,Singular
ῥῆμα,G4487,Exo,2,15,ῥῆμα,Accusative,Singular
ῥῆμα,G4487,Exo,4,15,ῥήματά,Accusative,Plural
ῥῆμα,G4487,Exo,4,30,ῥήματα,Accusative,Plural
ῥῆμα,G4487,Exo,9,5,ῥῆμα,Accusative,Singular
ῥῆμα,G4487,Exo,9,6,ῥῆμα,Accusative,Singular
ῥῆμα,G4487,Exo,9,20,ῥῆμα,Accusative,Singular
ῥῆμα,G4487,Exo,9,21,ῥῆμα,Accusative,Singular
ῥῆμα,G4487,Exo,12,24,ῥῆμα,Accusative,Singular
ῥῆμα,G4487,Exo,14,12,ῥῆμα,Nominative,Singular
ῥῆμα,G4487,Exo,16,16,ῥῆμα,Nominative,Singular
ῥῆμα,G4487,Exo,16,23,ῥῆμά,Nominative,Singular
ῥῆμα,G4487,Exo,16,32,ῥῆμα,Nominative,Singular
ῥῆμα,G4487,Exo,17,1,ῥήματος,Genitive,Singular
ῥῆμα,G4487,Exo,18,17,ῥῆμα,Accusative,Singular
ῥῆμα,G4487,Exo,18,18,ῥῆμα,Nominative,Singular
ῥῆμα,G4487,Exo,18,22,ῥῆμα,Accusative,Singular
ῥῆμα,G4487,Exo,18,23,ῥῆμα,Accusative,Singular
ῥῆμα,G4487,Exo,18,26,ῥῆμα,Accusative,Singular
ῥῆμα,G4487,Exo,18,26,ῥῆμα,Accusative,Singular
ῥῆμα,G4487,Exo,19,6,ῥήματα,Accusative,Plural
ῥῆμα,G4487,Exo,19,9,ῥήματα,Accusative,Plural
ῥῆμα,G4487,Exo,23,7,ῥήματος,Genitive,Singular
ῥῆμα,G4487,Exo,23,8,ῥήματα,Accusative,Plural
ῥῆμα,G4487,Exo,23,22,ῥήματα,Accusative,Plural
ῥῆμα,G4487,Exo,24,3,ῥήματα,Accusative,Plural
ῥῆμα,G4487,Exo,24,4,ῥήματα,Accusative,Plural
ῥῆμα,G4487,Exo,33,4,ῥῆμα,Accusative,Singular
ῥῆμα,G4487,Exo,34,1,ῥήματα,Accusative,Plural
ῥῆμα,G4487,Exo,34,27,ῥήματα,Accusative,Plural
ῥῆμα,G4487,Exo,34,28,ῥήματα,Accusative,Plural
ῥῆμα,G4487,Exo,35,4,ῥῆμα,Nominative,Singular
ῥῆμα,G4487,Lev,4,13,ῥῆμα,Nominative,Singular
ῥῆμα,G4487,Lev,8,5,ῥῆμα,Nominative,Singular
ῥῆμα,G4487,Lev,9,6,ῥῆμα,Nominative,Singular
ῥῆμα,G4487,Lev,10,7,ῥῆμα,Accusative,Singular
ῥῆμα,G4487,Lev,17,2,ῥῆμα,Nominative,Singular
ῥῆμα,G4487,Num,11,14,ῥῆμα,Accusative,Singular
ῥῆμα,G4487,Num,11,24,ῥήματα,Accusative,Plural
ῥῆμα,G4487,Num,13,26,ῥῆμα,Accusative,Singular
ῥῆμα,G4487,Num,14,20,ῥῆμά,Accusative,Singular
ῥῆμα,G4487,Num,14,36,ῥήματα,Accusative,Plural
ῥῆμα,G4487,Num,14,39,ῥήματα,Accusative,Plural
ῥῆμα,G4487,Num,14,41,ῥῆμα,Accusative,Singular
ῥῆμα,G4487,Num,15,31,ῥῆμα,Accusative,Singular
ῥῆμα,G4487,Num,22,7,ῥήματα,Accusative,Plural
ῥῆμα,G4487,Num,22,18,ῥῆμα,Accusative,Singular
ῥῆμα,G4487,Num,22,20,ῥῆμα,Accusative,Singular
ῥῆμα,G4487,Num,22,35,ῥῆμα,Accusative,Singular
ῥῆμα,G4487,Num,22,38,ῥῆμα,Accusative,Singular
ῥῆμα,G4487,Num,23,3,ῥῆμα,Accusative,Singular
ῥῆμα,G4487,Num,23,5,ῥῆμα,Accusative,Singular
ῥῆμα,G4487,Num,23,16,ῥῆμα,Accusative,Singular
ῥῆμα,G4487,Num,23,26,ῥῆμα,Accusative,Singular
ῥῆμα,G4487,Num,24,13,ῥῆμα,Accusative,Singular
ῥῆμα,G4487,Num,27,14,ῥῆμά,Accusative,Singular
ῥῆμα,G4487,Num,30,2,ῥῆμα,Nominative,Singular
ῥῆμα,G4487,Num,30,3,ῥῆμα,Accusative,Singular
ῥῆμα,G4487,Num,31,16,ῥῆμα,Accusative,Singular
ῥῆμα,G4487,Num,31,16,ῥῆμα,Accusative,Singular
ῥῆμα,G4487,Num,32,20,ῥῆμα,Accusative,Singular
ῥῆμα,G4487,Num,33,2,ῥήματος,Genitive,Singular
ῥῆμα,G4487,Num,36,6,ῥῆμα,Accusative,Singular
ῥῆμα,G4487,Deu,1,14,ῥῆμα,Nominative,Singular
ῥῆμα,G4487,Deu,1,17,ῥῆμα,Nominative,Singular
ῥῆμα,G4487,Deu,1,23,ῥῆμα,Nominative,Singular
ῥῆμα,G4487,Deu,1,26,ῥήματι,Dative,Singular
ῥῆμα,G4487,Deu,1,43,ῥῆμα,Accusative,Singular
ῥῆμα,G4487,Deu,2,7,ῥήματος,Genitive,Singular
ῥῆμα,G4487,Deu,4,2,ῥῆμα,Accusative,Singular
ῥῆμα,G4487,Deu,4,10,ῥήματά,Accusative,Plural
ῥῆμα,G4487,Deu,4,12,ῥημάτων,Genitive,Plural
ῥῆμα,G4487,Deu,4,13,ῥήματα,Accusative,Plural
ῥῆμα,G4487,Deu,4,32,ῥῆμα,Accusative,Singular
ῥῆμα,G4487,Deu,4,36,ῥήματα,Accusative,Plural
ῥῆμα,G4487,Deu,5,5,ῥήματα,Accusative,Plural
ῥῆμα,G4487,Deu,5,22,ῥήματα,Accusative,Plural
ῥῆμα,G4487,Deu,6,6,ῥήματα,Nominative,Plural
ῥῆμα,G4487,Deu,8,3,ῥήματι,Dative,Singular
ῥῆμα,G4487,Deu,9,23,ῥήματι,Dative,Singular
ῥῆμα,G4487,Deu,10,2,ῥήματα,Accusative,Plural
ῥῆμα,G4487,Deu,11,18,ῥήματα,Accusative,Plural
ῥῆμα,G4487,Deu,13,1,ῥῆμα,Accusative,Singular
ῥῆμα,G4487,Deu,13,12,ῥῆμα,Accusative,Singular
ῥῆμα,G4487,Deu,15,9,ῥῆμα,Nominative,Singular
ῥῆμα,G4487,Deu,15,10,ῥῆμα,Accusative,Singular
ῥῆμα,G4487,Deu,15,11,ῥῆμα,Accusative,Singular
ῥῆμα,G4487,Deu,15,15,ῥῆμα,Accusative,Singular
ῥῆμα,G4487,Deu,17,1,ῥῆμα,Nominative,Singular
ῥῆμα,G4487,Deu,17,4,ῥῆμα,Accusative,Singular
ῥῆμα,G4487,Deu,17,8,ῥῆμα,Accusative,Singular
ῥῆμα,G4487,Deu,17,8,ῥήματα,Accusative,Plural
ῥῆμα,G4487,Deu,17,11,ῥήματος,Genitive,Singular
ῥῆμα,G4487,Deu,18,18,ῥῆμά,Accusative,Singular
ῥῆμα,G4487,Deu,18,20,ῥῆμα,Accusative,Singular
ῥῆμα,G4487,Deu,18,21,ῥῆμα,Accusative,Singular
ῥῆμα,G4487,Deu,18,22,ῥῆμα,Accusative,Singular
ῥῆμα,G4487,Deu,18,22,ῥῆμα,Nominative,Singular
ῥῆμα,G4487,Deu,19,7,ῥῆμα,Accusative,Singular
ῥῆμα,G4487,Deu,19,15,ῥῆμα,Accusative,Singular
ῥῆμα,G4487,Deu,19,20,ῥῆμα,Accusative,Singular
ῥῆμα,G4487,Deu,23,10,ῥήματος,Genitive,Singular
ῥῆμα,G4487,Deu,24,18,ῥῆμα,Accusative,Singular
ῥῆμα,G4487,Deu,24,20,ῥῆμα,Accusative,Singular
ῥῆμα,G4487,Deu,24,22,ῥῆμα,Accusative,Singular
ῥῆμα,G4487,Deu,28,58,ῥήματα,Accusative,Plural
ῥῆμα,G4487,Deu,29,18,ῥήματα,Accusative,Plural
ῥῆμα,G4487,Deu,29,28,ῥήματα,Accusative,Plural
ῥῆμα,G4487,Deu,30,1,ῥήματα,Nominative,Plural
ῥῆμα,G4487,Deu,30,14,ῥῆμα,Nominative,Singular
ῥῆμα,G4487,Deu,31,9,ῥήματα,Accusative,Plural
ῥῆμα,G4487,Deu,31,19,ῥήματα,Accusative,Plural
ῥῆμα,G4487,Deu,31,30,ῥήματα,Accusative,Plural
ῥῆμα,G4487,Deu,32,1,ῥήματα,Accusative,Plural
ῥῆμα,G4487,Deu,32,2,ῥήματά,Nominative,Plural
ῥῆμα,G4487,Deu,32,51,ῥήματί,Dative,Singular
ῥῆμα,G4487,Deu,34,5,ῥήματος,Genitive,Singular
ῥῆμα,G4487,Jos,1,13,ῥῆμα,Accusative,Singular
ῥῆμα,G4487,Jos,1,18,ῥημάτων,Genitive,Plural
ῥῆμα,G4487,Jos,2,21,ῥῆμα,Accusative,Singular
ῥῆμα,G4487,Jos,3,9,ῥῆμα,Accusative,Singular
ῥῆμα,G4487,Jos,8,8,ῥῆμα,Accusative,Singular
ῥῆμα,G4487,Jos,9,2,ῥήματα,Accusative,Plural
ῥῆμα,G4487,Jos,9,2,ῥῆμα,Nominative,Singular
ῥῆμα,G4487,Jos,14,6,ῥῆμα,Accusative,Singular
ῥῆμα,G4487,Jos,14,10,ῥῆμα,Accusative,Singular
ῥῆμα,G4487,Jos,14,12,ῥῆμα,Accusative,Singular
ῥῆμα,G4487,Jos,21,45,ῥημάτων,Genitive,Plural
ῥῆμα,G4487,Jos,22,24,ῥήματος,Genitive,Singular
ῥῆμα,G4487,Jos,23,15,ῥήματα,Accusative,Plural
ῥῆμα,G4487,Jos,23,15,ῥήματα,Accusative,Plural
ῥῆμα,G4487,Jos,24,26,ῥήματα,Accusative,Plural
ῥῆμα,G4487,Jdg,6,29,ῥῆμα,Accusative,Singular
ῥῆμα,G4487,Jdg,6,29,ῥῆμα,Accusative,Singular
ῥῆμα,G4487,Jdg,8,1,ῥῆμα,Accusative,Singular
ῥῆμα,G4487,Jdg,11,10,ῥῆμά,Accusative,Singular
ῥῆμα,G4487,Jdg,13,17,ῥῆμά,Nominative,Singular
ῥῆμα,G4487,Jdg,18,10,ῥήματος,Genitive,Singular
ῥῆμα,G4487,Jdg,19,24,ῥῆμα,Accusative,Singular
ῥῆμα,G4487,Jdg,20,9,ῥῆμα,Nominative,Singular
ῥῆμα,G4487,Jdg,5,29,ῥήμασιν,Dative,Plural
ῥῆμα,G4487,Jdg,8,1,ῥῆμα,Accusative,Singular
ῥῆμα,G4487,Jdg,11,10,ῥῆμά,Accusative,Singular
ῥῆμα,G4487,Jdg,11,37,ῥῆμα,Accusative,Singular
ῥῆμα,G4487,Jdg,13,12,ῥήματός,Genitive,Singular
ῥῆμα,G4487,Jdg,13,17,ῥῆμά,Nominative,Singular
ῥῆμα,G4487,Jdg,18,7,ῥῆμα,Accusative,Singular
ῥῆμα,G4487,Jdg,18,10,ῥήματος,Genitive,Singular
ῥῆμα,G4487,Jdg,19,24,ῥῆμα,Accusative,Singular
ῥῆμα,G4487,Jdg,19,30,ῥῆμα,Accusative,Singular
ῥῆμα,G4487,Jdg,20,9,ῥῆμα,Nominative,Singular
ῥῆμα,G4487,Rut,3,18,ῥῆμα,Nominative,Singular
ῥῆμα,G4487,Rut,3,18,ῥῆμα,Nominative,Singular
ῥῆμα,G4487,1Sa,2,23,ῥῆμα,Accusative,Singular
ῥῆμα,G4487,1Sa,3,1,ῥῆμα,Nominative,Singular
ῥῆμα,G4487,1Sa,3,7,ῥῆμα,Nominative,Singular
ῥῆμα,G4487,1Sa,3,11,ῥήματά,Accusative,Plural
ῥῆμα,G4487,1Sa,3,17,ῥῆμα,Accusative,Singular
ῥῆμα,G4487,1Sa,3,17,ῥῆμα,Accusative,Singular
ῥῆμα,G4487,1Sa,4,16,ῥῆμα,Accusative,Singular
ῥῆμα,G4487,1Sa,8,6,ῥῆμα,Accusative,Singular
ῥῆμα,G4487,1Sa,8,10,ῥῆμα,Accusative,Singular
ῥῆμα,G4487,1Sa,9,10,ῥῆμα,Accusative,Singular
ῥῆμα,G4487,1Sa,9,21,ῥῆμα,Accusative,Singular
ῥῆμα,G4487,1Sa,9,27,ῥῆμα,Accusative,Singular
ῥῆμα,G4487,1Sa,10,2,ῥῆμα,Accusative,Singular
ῥῆμα,G4487,1Sa,10,16,ῥῆμα,Accusative,Singular
ῥῆμα,G4487,1Sa,11,5,ῥήματα,Accusative,Plural
ῥῆμα,G4487,1Sa,11,6,ῥήματα,Accusative,Plural
ῥῆμα,G4487,1Sa,12,16,ῥῆμα,Accusative,Singular
ῥῆμα,G4487,1Sa,14,12,ῥῆμα,Accusative,Singular
ῥῆμα,G4487,1Sa,14,42,ῥῆμα,Accusative,Singular
ῥῆμα,G4487,1Sa,15,10,ῥῆμα,Nominative,Singular
ῥῆμα,G4487,1Sa,15,23,ῥῆμα,Accusative,Singular
ῥῆμα,G4487,1Sa,15,24,ῥῆμά,Accusative,Singular
ῥῆμα,G4487,1Sa,15,26,ῥῆμα,Accusative,Singular
ῥῆμα,G4487,1Sa,17,11,ῥήματα,Accusative,Plural
ῥῆμα,G4487,1Sa,18,8,ῥῆμα,Accusative,Singular
ῥῆμα,G4487,1Sa,18,23,ῥήματα,Accusative,Plural
ῥῆμα,G4487,1Sa,18,24,ῥήματα,Accusative,Plural
ῥῆμα,G4487,1Sa,18,26,ῥήματα,Accusative,Plural
ῥῆμα,G4487,1Sa,19,7,ῥήματα,Accusative,Plural
ῥῆμα,G4487,1Sa,20,2,ῥῆμα,Accusative,Singular
ῥῆμα,G4487,1Sa,20,2,ῥῆμα,Accusative,Singular
ῥῆμα,G4487,1Sa,20,23,ῥῆμα,Accusative,Singular
ῥῆμα,G4487,1Sa,20,39,ῥῆμα,Accusative,Singular
ῥῆμα,G4487,1Sa,21,3,ῥῆμα,Accusative,Singular
ῥῆμα,G4487,1Sa,21,3,ῥῆμα,Accusative,Singular
ῥῆμα,G4487,1Sa,21,9,ῥῆμα,Accusative,Singular
ῥῆμα,G4487,1Sa,21,13,ῥήματα,Accusative,Plural
ῥῆμα,G4487,1Sa,22,15,ῥῆμα,Accusative,Singular
ῥῆμα,G4487,1Sa,24,7,ῥῆμα,Accusative,Singular
ῥῆμα,G4487,1Sa,24,17,ῥήματα,Accusative,Plural
ῥῆμα,G4487,1Sa,25,9,ῥήματα,Accusative,Plural
ῥῆμα,G4487,1Sa,25,12,ῥήματα,Accusative,Plural
ῥῆμα,G4487,1Sa,25,36,ῥῆμα,Accusative,Singular
ῥῆμα,G4487,1Sa,25,37,ῥήματα,Accusative,Plural
ῥῆμα,G4487,1Sa,26,16,ῥῆμα,Accusative,Singular
ῥῆμα,G4487,1Sa,26,19,ῥῆμα,Accusative,Singular
ῥῆμα,G4487,1Sa,28,18,ῥῆμα,Accusative,Singular
ῥῆμα,G4487,2Sa,2,6,ῥῆμα,Accusative,Singular
ῥῆμα,G4487,2Sa,3,11,ῥῆμα,Accusative,Singular
ῥῆμα,G4487,2Sa,7,4,ῥῆμα,Nominative,Singular
ῥῆμα,G4487,2Sa,7,25,ῥῆμα,Accusative,Singular
ῥῆμα,G4487,2Sa,11,11,ῥῆμα,Accusative,Singular
ῥῆμα,G4487,2Sa,11,22,ῥήματα,Accusative,Plural
ῥῆμα,G4487,2Sa,11,25,ῥῆμα,Accusative,Singular
ῥῆμα,G4487,2Sa,11,27,ῥῆμα,Accusative,Singular
ῥῆμα,G4487,2Sa,12,6,ῥῆμα,Accusative,Singular
ῥῆμα,G4487,2Sa,12,12,ῥῆμα,Accusative,Singular
ῥῆμα,G4487,2Sa,12,14,ῥήματι,Dative,Singular
ῥῆμα,G4487,2Sa,12,21,ῥῆμα,Accusative,Singular
ῥῆμα,G4487,2Sa,13,20,ῥῆμα,Accusative,Singular
ῥῆμα,G4487,2Sa,13,33,ῥῆμα,Accusative,Singular
ῥῆμα,G4487,2Sa,14,3,ῥῆμα,Accusative,Singular
ῥῆμα,G4487,2Sa,14,12,ῥῆμα,Accusative,Singular
ῥῆμα,G4487,2Sa,14,15,ῥῆμα,Accusative,Singular
ῥῆμα,G4487,2Sa,14,15,ῥῆμα,Accusative,Singular
ῥῆμα,G4487,2Sa,14,18,ῥῆμα,Accusative,Singular
ῥῆμα,G4487,2Sa,14,20,ῥήματος,Genitive,Singular
ῥῆμα,G4487,2Sa,15,6,ῥῆμα,Accusative,Singular
ῥῆμα,G4487,2Sa,15,11,ῥῆμα,Accusative,Singular
ῥῆμα,G4487,2Sa,15,28,ῥῆμα,Accusative,Singular
ῥῆμα,G4487,2Sa,15,35,ῥῆμα,Accusative,Singular
ῥῆμα,G4487,2Sa,15,36,ῥῆμα,Accusative,Singular
ῥῆμα,G4487,2Sa,17,6,ῥῆμα,Accusative,Singular
ῥῆμα,G4487,2Sa,17,19,ῥῆμα,Nominative,Singular
ῥῆμα,G4487,2Sa,19,11,ῥῆμα,Nominative,Singular
ῥῆμα,G4487,2Sa,22,31,ῥῆμα,Nominative,Singular
ῥῆμα,G4487,2Sa,24,13,ῥῆμα,Accusative,Singular
ῥῆμα,G4487,1Ki,1,27,ῥῆμα,Accusative,Singular
ῥῆμα,G4487,1Ki,2,27,ῥῆμα,Accusative,Singular
ῥῆμα,G4487,1Ki,2,38,ῥῆμα,Accusative,Singular
ῥῆμα,G4487,1Ki,3,10,ῥῆμα,Accusative,Singular
ῥῆμα,G4487,1Ki,3,11,ῥῆμα,Accusative,Singular
ῥῆμα,G4487,1Ki,3,12,ῥῆμά,Accusative,Singular
ῥῆμα,G4487,1Ki,8,20,ῥῆμα,Accusative,Singular
ῥῆμα,G4487,1Ki,8,26,ῥῆμά,Accusative,Singular
ῥῆμα,G4487,1Ki,8,59,ῥῆμα,Accusative,Singular
ῥῆμα,G4487,1Ki,11,41,ῥημάτων,Genitive,Plural
ῥῆμα,G4487,1Ki,11,41,ῥημάτων,Genitive,Plural
ῥῆμα,G4487,1Ki,12,15,ῥῆμα,Accusative,Singular
ῥῆμα,G4487,1Ki,12,24,ῥῆμα,Nominative,Singular
ῥῆμα,G4487,1Ki,12,24,ῥῆμα,Accusative,Singular
ῥῆμα,G4487,1Ki,12,24,ῥῆμα,Nominative,Singular
ῥῆμα,G4487,1Ki,12,24,ῥῆμα,Nominative,Singular
ῥῆμα,G4487,1Ki,12,24,ῥῆμα,Accusative,Singular
ῥῆμα,G4487,1Ki,12,24,ῥῆμα,Accusative,Singular
ῥῆμα,G4487,1Ki,12,24,ῥῆμα,Nominative,Singular
ῥῆμα,G4487,1Ki,12,24,ῥῆμα,Nominative,Singular
ῥῆμα,G4487,1Ki,12,24,ῥῆμα,Nominative,Singular
ῥῆμα,G4487,1Ki,12,24,ῥῆμα,Accusative,Singular
ῥῆμα,G4487,1Ki,13,3,ῥῆμα,Accusative,Singular
ῥῆμα,G4487,1Ki,13,18,ῥήματι,Dative,Singular
ῥῆμα,G4487,1Ki,13,21,ῥῆμα,Accusative,Singular
ῥῆμα,G4487,1Ki,13,26,ῥῆμα,Accusative,Singular
ῥῆμα,G4487,1Ki,13,32,ῥῆμα,Nominative,Singular
ῥῆμα,G4487,1Ki,13,33,ῥῆμα,Accusative,Singular
ῥῆμα,G4487,1Ki,13,34,ῥῆμα,Nominative,Singular
ῥῆμα,G4487,1Ki,15,29,ῥῆμα,Accusative,Singular
ῥῆμα,G4487,1Ki,16,12,ῥῆμα,Accusative,Singular
ῥῆμα,G4487,1Ki,16,34,ῥῆμα,Accusative,Singular
ῥῆμα,G4487,1Ki,17,2,ῥῆμα,Nominative,Singular
ῥῆμα,G4487,1Ki,17,5,ῥῆμα,Accusative,Singular
ῥῆμα,G4487,1Ki,17,8,ῥῆμα,Nominative,Singular
ῥῆμα,G4487,1Ki,17,13,ῥῆμά,Accusative,Singular
ῥῆμα,G4487,1Ki,17,16,ῥῆμα,Accusative,Singular
ῥῆμα,G4487,1Ki,17,24,ῥῆμα,Nominative,Singular
ῥῆμα,G4487,1Ki,18,1,ῥῆμα,Nominative,Singular
ῥῆμα,G4487,1Ki,18,24,ῥῆμα,Nominative,Singular
ῥῆμα,G4487,1Ki,19,9,ῥῆμα,Nominative,Singular
ῥῆμα,G4487,1Ki,20,28,ῥῆμα,Nominative,Singular
ῥῆμα,G4487,1Ki,21,9,ῥῆμα,Accusative,Singular
ῥῆμα,G4487,1Ki,21,24,ῥῆμα,Accusative,Singular
ῥῆμα,G4487,1Ki,22,19,ῥῆμα,Accusative,Singular
ῥῆμα,G4487,1Ki,22,38,ῥῆμα,Accusative,Singular
ῥῆμα,G4487,2Ki,1,17,ῥῆμα,Accusative,Singular
ῥῆμα,G4487,2Ki,2,22,ῥῆμα,Accusative,Singular
ῥῆμα,G4487,2Ki,3,12,ῥῆμα,Nominative,Singular
ῥῆμα,G4487,2Ki,4,41,ῥῆμα,Accusative,Singular
ῥῆμα,G4487,2Ki,4,44,ῥῆμα,Accusative,Singular
ῥῆμα,G4487,2Ki,5,14,ῥῆμα,Accusative,Singular
ῥῆμα,G4487,2Ki,6,18,ῥῆμα,Accusative,Singular
ῥῆμα,G4487,2Ki,7,2,ῥῆμα,Accusative,Singular
ῥῆμα,G4487,2Ki,7,16,ῥῆμα,Accusative,Singular
ῥῆμα,G4487,2Ki,7,19,ῥῆμα,Accusative,Singular
ῥῆμα,G4487,2Ki,8,2,ῥῆμα,Accusative,Singular
ῥῆμα,G4487,2Ki,8,13,ῥῆμα,Accusative,Singular
ῥῆμα,G4487,2Ki,9,26,ῥῆμα,Accusative,Singular
ῥῆμα,G4487,2Ki,10,10,ῥήματος,Genitive,Singular
ῥῆμα,G4487,2Ki,10,17,ῥῆμα,Accusative,Singular
ῥῆμα,G4487,2Ki,14,25,ῥῆμα,Accusative,Singular
ῥῆμα,G4487,2Ki,17,12,ῥῆμα,Accusative,Singular
ῥῆμα,G4487,2Ki,20,4,ῥῆμα,Nominative,Singular
ῥῆμα,G4487,2Ki,20,17,ῥῆμα,Accusative,Singular
ῥῆμα,G4487,2Ki,22,9,ῥῆμα,Accusative,Singular
ῥῆμα,G4487,2Ki,22,20,ῥῆμα,Accusative,Singular
ῥῆμα,G4487,2Ki,23,16,ῥῆμα,Accusative,Singular
ῥῆμα,G4487,2Ki,24,13,ῥῆμα,Accusative,Singular
ῥῆμα,G4487,1Ch,11,19,ῥῆμα,Accusative,Singular
ῥῆμα,G4487,1Ch,21,4,ῥῆμα,Nominative,Singular
ῥῆμα,G4487,2Ch,6,17,ῥῆμά,Accusative,Singular
ῥῆμα,G4487,2Ch,11,4,ῥῆμα,Nominative,Singular
ῥῆμα,G4487,2Ch,36,22,ῥῆμα,Accusative,Singular
ῥῆμα,G4487,Ezr,5,11,ῥῆμα,Accusative,Singular
ῥῆμα,G4487,Ezr,6,9,ῥῆμα,Accusative,Singular
ῥῆμα,G4487,Ezr,6,11,ῥῆμα,Accusative,Singular
ῥῆμα,G4487,Ezr,7,1,ῥήματα,Accusative,Plural
ῥῆμα,G4487,Ezr,10,4,ῥῆμα,Accusative,Singular
ῥῆμα,G4487,Ezr,10,5,ῥῆμα,Accusative,Singular
ῥῆμα,G4487,Ezr,10,9,ῥήματος,Genitive,Singular
ῥῆμα,G4487,Ezr,10,12,ῥῆμά,Accusative,Singular
ῥῆμα,G4487,Ezr,10,13,ῥήματι,Dative,Singular
ῥῆμα,G4487,Ezr,10,14,ῥήματος,Genitive,Singular
ῥῆμα,G4487,Ezr,10,16,ῥῆμα,Accusative,Singular
ῥῆμα,G4487,Ezr,12,19,ῥῆμα,Nominative,Singular
ῥῆμα,G4487,Ezr,15,12,ῥῆμα,Accusative,Singular
ῥῆμα,G4487,Ezr,15,13,ῥῆμα,Accusative,Singular
ῥῆμα,G4487,Ezr,16,4,ῥῆμα,Accusative,Singular
ῥῆμα,G4487,Ezr,21,24,ῥῆμα,Accusative,Singular
ῥῆμα,G4487,Est,1,17,ῥήματα,Accusative,Plural
ῥῆμα,G4487,Est,5,14,ῥῆμα,Nominative,Singular
ῥῆμα,G4487,Psa,5,2,ῥήματά,Accusative,Plural
ῥῆμα,G4487,Psa,16,6,ῥημάτων,Genitive,Plural
ῥῆμα,G4487,Psa,18,3,ῥῆμα,Accusative,Singular
ῥῆμα,G4487,Psa,18,5,ῥήματα,Nominative,Plural
ῥῆμα,G4487,Psa,35,4,ῥήματα,Nominative,Plural
ῥῆμα,G4487,Psa,51,6,ῥήματα,Accusative,Plural
ῥῆμα,G4487,Psa,53,4,ῥήματα,Accusative,Plural
ῥῆμα,G4487,Psa,55,11,ῥῆμα,Accusative,Singular
ῥῆμα,G4487,Psa,67,12,ῥῆμα,Accusative,Singular
ῥῆμα,G4487,Psa,77,1,ῥήματα,Accusative,Plural
ῥῆμα,G4487,Psa,137,1,ῥήματα,Accusative,Plural
ῥῆμα,G4487,Psa,137,4,ῥήματα,Accusative,Plural
ῥῆμα,G4487,Psa,140,6,ῥήματά,Accusative,Plural
ῥῆμα,G4487,Pro,3,1,ῥήματά,Accusative,Plural
ῥῆμα,G4487,Pro,7,24,ῥήμασιν,Dative,Plural
ῥῆμα,G4487,Pro,8,8,ῥήματα,Nominative,Plural
ῥῆμα,G4487,Pro,17,27,ῥῆμα,Accusative,Singular
ῥῆμα,G4487,Ecc,1,1,ῥήματα,Nominative,Plural
ῥῆμα,G4487,Ecc,8,1,ῥήματος,Genitive,Singular
ῥῆμα,G4487,Ecc,8,5,ῥῆμα,Accusative,Singular
ῥῆμα,G4487,Job,2,9,ῥῆμα,Accusative,Singular
ῥῆμα,G4487,Job,4,2,ῥημάτων,Genitive,Plural
ῥῆμα,G4487,Job,4,4,ῥήμασιν,Dative,Plural
ῥῆμα,G4487,Job,4,12,ῥῆμα,Nominative,Singular
ῥῆμα,G4487,Job,6,3,ῥήματά,Nominative,Plural
ῥῆμα,G4487,Job,6,6,ῥήμασιν,Dative,Plural
ῥῆμα,G4487,Job,6,10,ῥήματα,Accusative,Plural
ῥῆμα,G4487,Job,6,25,ῥήματα,Nominative,Plural
ῥῆμα,G4487,Job,6,26,ῥήμασίν,Dative,Plural
ῥῆμα,G4487,Job,6,26,ῥήματος,Genitive,Singular
ῥῆμα,G4487,Job,8,10,ῥήματα,Accusative,Plural
ῥῆμα,G4487,Job,9,14,ῥήματά,Accusative,Plural
ῥῆμα,G4487,Job,10,1,ῥήματά,Accusative,Plural
ῥῆμα,G4487,Job,11,3,ῥήμασιν,Dative,Plural
ῥῆμα,G4487,Job,12,11,ῥήματα,Accusative,Plural
ῥῆμα,G4487,Job,13,17,ῥήματά,Accusative,Plural
ῥῆμα,G4487,Job,15,3,ῥήμασιν,Dative,Plural
ῥῆμα,G4487,Job,15,4,ῥήματα,Accusative,Plural
ῥῆμα,G4487,Job,15,5,ῥήμασιν,Dative,Plural
ῥῆμα,G4487,Job,15,5,ῥήματα,Accusative,Plural
ῥῆμα,G4487,Job,15,13,ῥήματα,Accusative,Plural
ῥῆμα,G4487,Job,16,3,ῥήμασιν,Dative,Plural
ῥῆμα,G4487,Job,16,4,ῥήμασιν,Dative,Plural
ῥῆμα,G4487,Job,19,4,ῥῆμα,Accusative,Singular
ῥῆμα,G4487,Job,19,4,ῥήματά,Nominative,Plural
ῥῆμα,G4487,Job,19,23,ῥήματά,Nominative,Plural
ῥῆμα,G4487,Job,22,22,ῥήματα,Accusative,Plural
ῥῆμα,G4487,Job,23,5,ῥήματα,Accusative,Plural
ῥῆμα,G4487,Job,23,12,ῥήματα,Accusative,Plural
ῥῆμα,G4487,Job,24,25,ῥήματά,Accusative,Plural
ῥῆμα,G4487,Job,26,4,ῥήματα,Accusative,Plural
ῥῆμα,G4487,Job,29,22,ῥήματι,Dative,Singular
ῥῆμα,G4487,Job,31,40,ῥήμασιν,Dative,Plural
ῥῆμα,G4487,Job,32,11,ῥήματα,Accusative,Plural
ῥῆμα,G4487,Job,32,12,ῥήματα,Accusative,Plural
ῥῆμα,G4487,Job,32,14,ῥήματα,Accusative,Plural
ῥῆμα,G4487,Job,32,18,ῥημάτων,Genitive,Plural
ῥῆμα,G4487,Job,33,1,ῥήματά,Accusative,Plural
ῥῆμα,G4487,Job,33,3,ῥήμασιν,Dative,Plural
ῥῆμα,G4487,Job,33,8,ῥημάτων,Genitive,Plural
ῥῆμα,G4487,Job,33,13,ῥῆμα,Accusative,Singular
ῥῆμα,G4487,Job,34,16,ῥημάτων,Genitive,Plural
ῥῆμα,G4487,Job,34,34,ῥῆμα,Accusative,Singular
ῥῆμα,G4487,Job,34,35,ῥήματα,Accusative,Plural
ῥῆμα,G4487,Job,34,37,ῥήματα,Accusative,Plural
ῥῆμα,G4487,Job,35,16,ῥήματα,Accusative,Plural
ῥῆμα,G4487,Job,36,4,ῥήματα,Accusative,Plural
ῥῆμα,G4487,Job,38,2,ῥήματα,Accusative,Plural
ῥῆμα,G4487,Job,42,3,ῥημάτων,Genitive,Plural
ῥῆμα,G4487,Job,42,7,ῥήματα,Accusative,Plural
ῥῆμα,G4487,Hos,6,5,ῥήμασιν,Dative,Plural
ῥῆμα,G4487,Hos,10,4,ῥήματα,Accusative,Plural
ῥῆμα,G4487,Zec,1,13,ῥήματα,Accusative,Plural
ῥῆμα,G4487,Isa,8,20,ῥῆμα,Accusative,Singular
ῥῆμα,G4487,Isa,14,28,ῥῆμα,Nominative,Singular
ῥῆμα,G4487,Isa,15,1,ῥῆμα,Accusative,Singular
ῥῆμα,G4487,Isa,16,13,ῥῆμα,Nominative,Singular
ῥῆμα,G4487,Isa,17,1,ῥῆμα,Nominative,Singular
ῥῆμα,G4487,Isa,22,1,ῥῆμα,Nominative,Singular
ῥῆμα,G4487,Isa,29,11,ῥήματα,Nominative,Plural
ῥῆμα,G4487,Isa,38,7,ῥῆμα,Accusative,Singular
ῥῆμα,G4487,Isa,40,8,ῥῆμα,Nominative,Singular
ῥῆμα,G4487,Isa,42,16,ῥήματα,Accusative,Plural
ῥῆμα,G4487,Isa,44,26,ῥήματα,Accusative,Plural
ῥῆμα,G4487,Isa,55,11,ῥῆμά,Nominative,Singular
ῥῆμα,G4487,Isa,58,9,ῥῆμα,Accusative,Singular
ῥῆμα,G4487,Isa,59,21,ῥήματα,Nominative,Plural
ῥῆμα,G4487,Isa,66,5,ῥῆμα,Accusative,Singular
ῥῆμα,G4487,Jer,1,1,ῥῆμα,Nominative,Singular
ῥῆμα,G4487,Jer,5,14,ῥῆμα,Accusative,Singular
ῥῆμα,G4487,Jer,6,10,ῥῆμα,Nominative,Singular
ῥῆμα,G4487,Jer,7,23,ῥῆμα,Accusative,Singular
ῥῆμα,G4487,Jer,9,7,ῥήματα,Nominative,Plural
ῥῆμα,G4487,Jer,16,10,ῥήματα,Accusative,Plural
ῥῆμα,G4487,Jer,18,20,ῥήματα,Accusative,Plural
ῥῆμα,G4487,Jer,33,2,ῥῆμα,Accusative,Singular
ῥῆμα,G4487,Jer,42,14,ῥῆμα,Accusative,Singular
ῥῆμα,G4487,Jer,45,14,ῥῆμα,Accusative,Singular
ῥῆμα,G4487,Jer,49,4,ῥῆμα,Accusative,Singular
ῥῆμα,G4487,Lam,2,17,ῥήματα,Accusative,Plural
ῥῆμα,G4487,Ezk,33,31,ῥήματά,Accusative,Plural
ῥῆμα,G4487,Ezk,33,32,ῥήματα,Accusative,Plural
ῥῆμα,G4487,Ezk,38,10,ῥήματα,Nominative,Plural
ῥῆμα,G4487,Dan,1,17,ῥήματι,Dative,Singular
ῥῆμα,G4487,Dan,2,9,ῥῆμα,Accusative,Singular
ῥῆμα,G4487,Dan,7,25,ῥήματα,Accusative,Plural
ῥῆμα,G4487,Dan,7,28,ῥῆμα,Accusative,Singular
ῥῆμα,G4487,Dan,10,12,ῥῆμά,Nominative,Singular
ῥῆμα,G4487,Dan,10,12,ῥήματί,Dative,Singular
