term,strongs,book,chapter,verse,word_num,greek_word,morph,case,number,gender,kjv_verse
λόγος,G3056,Mat,5,32,13,λόγου,N-GSM,Genitive,Singular,Masculine,"But I say unto you, That whosoever shall put away his wife, saving for the cause of fornication, causeth her to commit adultery: and whosoever shall marry her that is divorced committeth adultery."
λόγος,G3056,Mat,5,37,4,λόγος,N-NSM,Nominative,Singular,Masculine,"But let your communication be, Yea, yea; Nay, nay: for whatsoever is more than these cometh of evil."
λόγος,G3056,Mat,7,24,7,λόγους,N-APM,Accusative,Plural,Masculine,"Therefore whosoever heareth these sayings of mine, and doeth them, I will liken him unto a wise man, which built his house upon a rock:"
λόγος,G3056,Mat,7,26,7,λόγους,N-APM,Accusative,Plural,Masculine,"And every one that heareth these sayings of mine, and doeth them not, shall be likened unto a foolish man, which built his house upon the sand:"
λόγος,G3056,Mat,7,28,8,λόγους,N-APM,Accusative,Plural,Masculine,"And it came to pass, when Jesus had ended these sayings, the people were astonished at his doctrine:"
λόγος,G3056,Mat,8,8,20,"λόγῳ,",N-DSM,Dative,Singular,Masculine,"The centurion answered and said, Lord, I am not worthy that thou shouldest come under my roof: but speak the word only, and my servant shall be healed."
λόγος,G3056,Mat,8,16,12,"λόγῳ,",N-DSM,Dative,Singular,Masculine,"When the even was come, they brought unto him many that were possessed with devils: and he cast out the spirits with his word, and healed all that were sick:"
λόγος,G3056,Mat,10,14,10,λόγους,N-APM,Accusative,Plural,Masculine,"And whosoever shall not receive you, nor hear your words, when ye depart out of that house or city, shake off the dust of your feet."
λόγος,G3056,Mat,12,32,5,λόγον,N-ASM,Accusative,Singular,Masculine,"And whosoever speaketh a word against the Son of man, it shall be forgiven him: but whosoever speaketh against the Holy Ghost, it shall not be forgiven him, neither in this world, neither in the world to come."
λόγος,G3056,Mat,12,36,16,λόγον,N-ASM,Accusative,Singular,Masculine,"But I say unto you, That every idle word that men shall speak, they shall give account thereof in the day of judgment."
λόγος,G3056,Mat,12,37,4,λόγων,N-GPM,Genitive,Plural,Masculine,"For by thy words thou shalt be justified, and by thy words thou shalt be condemned."
λόγος,G3056,Mat,12,37,10,λόγων,N-GPM,Genitive,Plural,Masculine,"For by thy words thou shalt be justified, and by thy words thou shalt be condemned."
λόγος,G3056,Mat,13,19,4,λόγον,N-ASM,Accusative,Singular,Masculine,"When any one heareth the word of the kingdom, and understandeth it not, then cometh the wicked one, and catcheth away that which was sown in his heart. This is he which received seed by the way side."
λόγος,G3056,Mat,13,20,11,λόγον,N-ASM,Accusative,Singular,Masculine,"But he that received the seed into stony places, the same is he that heareth the word, and anon with joy receiveth it;"
λόγος,G3056,Mat,13,21,17,λόγον,N-ASM,Accusative,Singular,Masculine,"Yet hath he not root in himself, but dureth for a while: for when tribulation or persecution ariseth because of the word, by and by he is offended."
λόγος,G3056,Mat,13,22,11,λόγον,N-ASM,Accusative,Singular,Masculine,"He also that received seed among the thorns is he that heareth the word; and the care of this world, and the deceitfulness of riches, choke the word, and he becometh unfruitful."
λόγος,G3056,Mat,13,22,26,"λόγον,",N-ASM,Accusative,Singular,Masculine,"He also that received seed among the thorns is he that heareth the word; and the care of this world, and the deceitfulness of riches, choke the word, and he becometh unfruitful."
λόγος,G3056,Mat,13,23,13,λόγον,N-ASM,Accusative,Singular,Masculine,"But he that received seed into the good ground is he that heareth the word, and understandeth it; which also beareth fruit, and bringeth forth, some an hundredfold, some sixty, some thirty."
λόγος,G3056,Mat,15,6,15,λόγον,N-ASM,Accusative,Singular,Masculine,"And honour not his father or his mother, he shall be free. Thus have ye made the commandment of God of none effect by your tradition."
λόγος,G3056,Mat,15,12,14,λόγον,N-ASM,Accusative,Singular,Masculine,"Then came his disciples, and said unto him, Knowest thou that the Pharisees were offended, after they heard this saying?"
λόγος,G3056,Mat,15,23,6,λόγον.,N-ASM,Accusative,Singular,Masculine,"But he answered her not a word. And his disciples came and besought him, saying, Send her away; for she crieth after us."
λόγος,G3056,Mat,18,23,13,λόγον,N-ASM,Accusative,Singular,Masculine,"Therefore is the kingdom of heaven likened unto a certain king, which would take account of his servants."
λόγος,G3056,Mat,19,1,8,λόγους,N-APM,Accusative,Plural,Masculine,"And it came to pass, that when Jesus had finished these sayings, he departed from Galilee, and came into the coasts of Judea beyond Jordan;"
λόγος,G3056,Mat,19,11,9,λόγον,N-ASM,Accusative,Singular,Masculine,"But he said unto them, All men cannot receive this saying, save they to whom it is given."
λόγος,G3056,Mat,19,22,7,λόγον,N-ASM,Accusative,Singular,Masculine,"But when the young man heard that saying, he went away sorrowful: for he had great possessions."
λόγος,G3056,Mat,21,24,10,λόγον,N-ASM,Accusative,Singular,Masculine,"And Jesus answered and said unto them, I also will ask you one thing, which if ye tell me, I in like wise will tell you by what authority I do these things."
λόγος,G3056,Mat,22,15,11,λόγῳ.,N-DSM,Dative,Singular,Masculine,"Then went the Pharisees, and took counsel how they might entangle him in his talk."
λόγος,G3056,Mat,22,46,6,λόγον,N-ASM,Accusative,Singular,Masculine,"And no man was able to answer him a word, neither durst any man from that day forth ask him any more questions."
λόγος,G3056,Mat,24,35,9,λόγοι,N-NPM,Nominative,Plural,Masculine,"Heaven and earth shall pass away, but my words shall not pass away."
λόγος,G3056,Mat,25,19,13,λόγον,N-ASM,Accusative,Singular,Masculine,"After a long time the lord of those servants cometh, and reckoneth with them."
λόγος,G3056,Mat,26,1,9,λόγους,N-APM,Accusative,Plural,Masculine,"And it came to pass, when Jesus had finished all these sayings, he said unto his disciples,"
λόγος,G3056,Mat,26,44,11,λόγον,N-ASM,Accusative,Singular,Masculine,"And he left them, and went away again, and prayed the third time, saying the same words."
λόγος,G3056,Mat,28,15,12,λόγος,N-NSM,Nominative,Singular,Masculine,"So they took the money, and did as they were taught: and this saying is commonly reported among the Jews until this day."
λόγος,G3056,Mrk,1,45,10,λόγον,N-ASM,Accusative,Singular,Masculine,"But he went out, and began to publish it much, and to blaze abroad the matter, insomuch that Jesus could no more openly enter into the city, but was without in desert places: and they came to him from every quarter."
λόγος,G3056,Mrk,2,2,17,λόγον.¶,N-ASM,Accusative,Singular,Masculine,"And straightway many were gathered together, insomuch that there was no room to receive them, no, not so much as about the door: and he preached the word unto them."
λόγος,G3056,Mrk,4,14,4,λόγον,N-ASM,Accusative,Singular,Masculine,The sower soweth the word.
λόγος,G3056,Mrk,4,15,11,"λόγος,",N-NSM,Nominative,Singular,Masculine,"And these are they by the way side, where the word is sown; but when they have heard, Satan cometh immediately, and taketh away the word that was sown in their hearts."
λόγος,G3056,Mrk,4,15,22,λόγον,N-ASM,Accusative,Singular,Masculine,"And these are they by the way side, where the word is sown; but when they have heard, Satan cometh immediately, and taketh away the word that was sown in their hearts."
λόγος,G3056,Mrk,4,16,14,"λόγον,",N-ASM,Accusative,Singular,Masculine,"And these are they likewise which are sown on stony ground; who, when they have heard the word, immediately receive it with gladness;"
λόγος,G3056,Mrk,4,17,17,"λόγον,",N-ASM,Accusative,Singular,Masculine,"And have no root in themselves, and so endure but for a time: afterward, when affliction or persecution ariseth for the word’s sake, immediately they are offended."
λόγος,G3056,Mrk,4,18,13,λόγον,N-ASM,Accusative,Singular,Masculine,"And these are they which are sown among thorns; such as hear the word,"
λόγος,G3056,Mrk,4,19,21,"λόγον,",N-ASM,Accusative,Singular,Masculine,"And the cares of this world, and the deceitfulness of riches, and the lusts of other things entering in, choke the word, and it becometh unfruitful."
λόγος,G3056,Mrk,4,20,14,λόγον,N-ASM,Accusative,Singular,Masculine,"And these are they which are sown on good ground; such as hear the word, and receive it, and bring forth fruit, some thirtyfold, some sixty, and some an hundred."
λόγος,G3056,Mrk,4,33,8,λόγον,N-ASM,Accusative,Singular,Masculine,"And with many such parables spake he the word unto them, as they were able to hear it."
λόγος,G3056,Mrk,5,36,7,λόγον,N-ASM,Accusative,Singular,Masculine,"As soon as Jesus heard the word that was spoken, he saith unto the ruler of the synagogue, Be not afraid, only believe."
λόγος,G3056,Mrk,7,13,3,λόγον,N-ASM,Accusative,Singular,Masculine,"Making the word of God of none effect through your tradition, which ye have delivered: and many such like things do ye."
λόγος,G3056,Mrk,7,29,7,λόγον,N-ASM,Accusative,Singular,Masculine,"And he said unto her, For this saying go thy way; the devil is gone out of thy daughter."
λόγος,G3056,Mrk,8,32,4,λόγον,N-ASM,Accusative,Singular,Masculine,"And he spake that saying openly. And Peter took him, and began to rebuke him."
λόγος,G3056,Mrk,8,38,9,λόγους,N-APM,Accusative,Plural,Masculine,"Whosoever therefore shall be ashamed of me and of my words in this adulterous and sinful generation; of him also shall the Son of man be ashamed, when he cometh in the glory of his Father with the holy angels."
λόγος,G3056,Mrk,9,10,3,λόγον,N-ASM,Accusative,Singular,Masculine,"And they kept that saying with themselves, questioning one with another what the rising from the dead should mean."
λόγος,G3056,Mrk,10,22,6,λόγῳ,N-DSM,Dative,Singular,Masculine,"And he was sad at that saying, and went away grieved: for he had great possessions."
λόγος,G3056,Mrk,10,24,7,λόγοις,N-DPM,Dative,Plural,Masculine,"And the disciples were astonished at his words. But Jesus answereth again, and saith unto them, Children, how hard is it for them that trust in riches to enter into the kingdom of God!"
λόγος,G3056,Mrk,11,29,11,"λόγον,",N-ASM,Accusative,Singular,Masculine,"And Jesus answered and said unto them, I will also ask of you one question, and answer me, and I will tell you by what authority I do these things."
λόγος,G3056,Mrk,12,13,14,λόγῳ.,N-DSM,Dative,Singular,Masculine,"And they send unto him certain of the Pharisees and of the Herodians, to catch him in his words."
λόγος,G3056,Mrk,13,31,9,λόγοι,N-NPM,Nominative,Plural,Masculine,Heaven and earth shall pass away: but my words shall not pass away.
λόγος,G3056,Mrk,14,39,7,λόγον,N-ASM,Accusative,Singular,Masculine,"And again he went away, and prayed, and spake the same words."
λόγος,G3056,Mrk,16,20,11,λόγον,N-ASM,Accusative,Singular,Masculine,"And they went forth, and preached every where, the Lord working with them, and confirming the word with signs following. Amen."
λόγος,G3056,Luk,1,2,12,"λόγου,",N-GSM,Genitive,Singular,Masculine,"Even as they delivered them unto us, which from the beginning were eyewitnesses, and ministers of the word;"
λόγος,G3056,Luk,1,4,6,λόγων,N-GPM,Genitive,Plural,Masculine,"That thou mightest know the certainty of those things, wherein thou hast been instructed."
λόγος,G3056,Luk,1,20,19,λόγοις,N-DPM,Dative,Plural,Masculine,"And, behold, thou shalt be dumb, and not able to speak, until the day that these things shall be performed, because thou believest not my words, which shall be fulfilled in their season."
λόγος,G3056,Luk,1,29,6,λόγῳ,N-DSM,Dative,Singular,Masculine,"And when she saw him, she was troubled at his saying, and cast in her mind what manner of salutation this should be."
λόγος,G3056,Luk,3,4,5,λόγων,N-GPM,Genitive,Plural,Masculine,"As it is written in the book of the words of Esaias the prophet, saying, The voice of one crying in the wilderness, Prepare ye the way of the Lord, make his paths straight."
λόγος,G3056,Luk,4,22,9,λόγοις,N-DPM,Dative,Plural,Masculine,"And all bare him witness, and wondered at the gracious words which proceeded out of his mouth. And they said, Is not this Joseph’s son?"
λόγος,G3056,Luk,4,32,12,λόγος,N-NSM,Nominative,Singular,Masculine,And they were astonished at his doctrine: for his word was with power.
λόγος,G3056,Luk,4,36,13,λόγος,N-NSM,Nominative,Singular,Masculine,"And they were all amazed, and spake among themselves, saying, What a word is this! for with authority and power he commandeth the unclean spirits, and they come out."
λόγος,G3056,Luk,5,1,12,λόγον,N-ASM,Accusative,Singular,Masculine,"And it came to pass, that, as the people pressed upon him to hear the word of God, he stood by the lake of Gennesaret,"
λόγος,G3056,Luk,5,15,5,λόγος,N-NSM,Nominative,Singular,Masculine,"But so much the more went there a fame abroad of him: and great multitudes came together to hear, and to be healed by him of their infirmities."
λόγος,G3056,Luk,6,47,10,λόγων,N-GPM,Genitive,Plural,Masculine,"Whosoever cometh to me, and heareth my sayings, and doeth them, I will shew you to whom he is like:"
λόγος,G3056,Luk,7,7,10,"λόγῳ,",N-DSM,Dative,Singular,Masculine,"Wherefore neither thought I myself worthy to come unto thee: but say in a word, and my servant shall be healed."
λόγος,G3056,Luk,7,17,4,λόγος,N-NSM,Nominative,Singular,Masculine,"And this rumour of him went forth throughout all Judea, and throughout all the region round about."
λόγος,G3056,Luk,8,11,10,λόγος,N-NSM,Nominative,Singular,Masculine,Now the parable is this: The seed is the word of God.
λόγος,G3056,Luk,8,12,16,λόγον,N-ASM,Accusative,Singular,Masculine,"Those by the way side are they that hear; then cometh the devil, and taketh away the word out of their hearts, lest they should believe and be saved."
λόγος,G3056,Luk,8,13,13,λόγον·,N-ASM,Accusative,Singular,Masculine,"They on the rock are they, which, when they hear, receive the word with joy; and these have no root, which for a while believe, and in time of temptation fall away."
λόγος,G3056,Luk,8,15,17,λόγον,N-ASM,Accusative,Singular,Masculine,"But that on the good ground are they, which in an honest and good heart, having heard the word, keep it, and bring forth fruit with patience."
λόγος,G3056,Luk,8,21,16,λόγον,N-ASM,Accusative,Singular,Masculine,"And he answered and said unto them, My mother and my brethren are these which hear the word of God, and do it."
λόγος,G3056,Luk,9,26,9,"λόγους,",N-APM,Accusative,Plural,Masculine,"For whosoever shall be ashamed of me and of my words, of him shall the Son of man be ashamed, when he shall come in his own glory, and in his Father’s, and of the holy angels."
λόγος,G3056,Luk,9,28,5,λόγους,N-APM,Accusative,Plural,Masculine,"And it came to pass about an eight days after these sayings, he took Peter and John and James, and went up into a mountain to pray."
λόγος,G3056,Luk,9,44,8,λόγους,N-APM,Accusative,Plural,Masculine,Let these sayings sink down into your ears: for the Son of man shall be delivered into the hands of men.
λόγος,G3056,Luk,10,39,17,λόγον,N-ASM,Accusative,Singular,Masculine,"And she had a sister called Mary, which also sat at Jesus’ feet, and heard his word."
λόγος,G3056,Luk,11,28,9,λόγον,N-ASM,Accusative,Singular,Masculine,"But he said, Yea rather, blessed are they that hear the word of God, and keep it."
λόγος,G3056,Luk,12,10,5,λόγον,N-ASM,Accusative,Singular,Masculine,"And whosoever shall speak a word against the Son of man, it shall be forgiven him: but unto him that blasphemeth against the Holy Ghost it shall not be forgiven."
λόγος,G3056,Luk,16,2,13,λόγον,N-ASM,Accusative,Singular,Masculine,"And he called him, and said unto him, How is it that I hear this of thee? give an account of thy stewardship; for thou mayest be no longer steward."
λόγος,G3056,Luk,20,3,10,"λόγον,",N-ASM,Accusative,Singular,Masculine,"And he answered and said unto them, I will also ask you one thing; and answer me:"
λόγος,G3056,Luk,20,20,12,"λόγου,",N-GSM,Genitive,Singular,Masculine,"And they watched him, and sent forth spies, which should feign themselves just men, that they might take hold of his words, that so they might deliver him unto the power and authority of the governor."
λόγος,G3056,Luk,21,33,9,λόγοι,N-NPM,Nominative,Plural,Masculine,Heaven and earth shall pass away: but my words shall not pass away.
λόγος,G3056,Luk,23,9,5,λόγοις,N-DPM,Dative,Plural,Masculine,Then he questioned with him in many words; but he answered him nothing.
λόγος,G3056,Luk,24,17,7,λόγοι,N-NPM,Nominative,Plural,Masculine,"And he said unto them, What manner of communications are these that ye have one to another, as ye walk, and are sad?"
λόγος,G3056,Luk,24,19,22,λόγῳ,N-DSM,Dative,Singular,Masculine,"And he said unto them, What things? And they said unto him, Concerning Jesus of Nazareth, which was a prophet mighty in deed and word before God and all the people:"
λόγος,G3056,Luk,24,44,7,λόγοι,N-NPM,Nominative,Plural,Masculine,"And he said unto them, These are the words which I spake unto you, while I was yet with you, that all things must be fulfilled, which were written in the law of Moses, and in the prophets, and in the psalms, concerning me."
λόγος,G3056,Jhn,1,1,5,"λόγος,",N-NSM,Nominative,Singular,Masculine,"In the beginning was the Word, and the Word was with God, and the Word was God."
λόγος,G3056,Jhn,1,1,8,λόγος,N-NSM,Nominative,Singular,Masculine,"In the beginning was the Word, and the Word was with God, and the Word was God."
λόγος,G3056,Jhn,1,1,17,λόγος.,N-NSM,Nominative,Singular,Masculine,"In the beginning was the Word, and the Word was with God, and the Word was God."
λόγος,G3056,Jhn,1,14,3,λόγος,N-NSM,Nominative,Singular,Masculine,"And the Word was made flesh, and dwelt among us, (and we beheld his glory, the glory as of the only begotten of the Father,) full of grace and truth."
λόγος,G3056,Jhn,2,22,20,λόγῳ,N-DSM,Dative,Singular,Masculine,"When therefore he was risen from the dead, his disciples remembered that he had said this unto them; and they believed the scripture, and the word which Jesus had said."
λόγος,G3056,Jhn,4,37,5,λόγος,N-NSM,Nominative,Singular,Masculine,"And herein is that saying true, One soweth, and another reapeth."
λόγος,G3056,Jhn,4,39,14,λόγον,N-ASM,Accusative,Singular,Masculine,"And many of the Samaritans of that city believed on him for the saying of the woman, which testified, He told me all that ever I did."
λόγος,G3056,Jhn,4,41,7,λόγον,N-ASM,Accusative,Singular,Masculine,And many more believed because of his own word;
λόγος,G3056,Jhn,4,50,15,λόγῳ,N-DSM,Dative,Singular,Masculine,"Jesus saith unto him, Go thy way; thy son liveth. And the man believed the word that Jesus had spoken unto him, and he went his way."
λόγος,G3056,Jhn,5,24,8,λόγον,N-ASM,Accusative,Singular,Masculine,"Verily, verily, I say unto you, He that heareth my word, and believeth on him that sent me, hath everlasting life, and shall not come into condemnation; but is passed from death unto life."
λόγος,G3056,Jhn,5,38,3,λόγον,N-ASM,Accusative,Singular,Masculine,"And ye have not his word abiding in you: for whom he hath sent, him ye believe not."
λόγος,G3056,Jhn,6,60,12,λόγος,N-NSM,Nominative,Singular,Masculine,"Many therefore of his disciples, when they had heard this, said, This is an hard saying; who can hear it?"
λόγος,G3056,Jhn,7,36,4,λόγος,N-NSM,Nominative,Singular,Masculine,"What manner of saying is this that he said, Ye shall seek me, and shall not find me: and where I am, thither ye cannot come?"
λόγος,G3056,Jhn,7,40,8,λόγων,N-GPM,Genitive,Plural,Masculine,"Many of the people therefore, when they heard this saying, said, Of a truth this is the Prophet."
λόγος,G3056,Jhn,8,31,15,λόγῳ,N-DSM,Dative,Singular,Masculine,"Then said Jesus to those Jews which believed on him, If ye continue in my word, then are ye my disciples indeed;"
λόγος,G3056,Jhn,8,37,12,λόγος,N-NSM,Nominative,Singular,Masculine,"I know that ye are Abraham’s seed; but ye seek to kill me, because my word hath no place in you."
λόγος,G3056,Jhn,8,43,14,λόγον,N-ASM,Accusative,Singular,Masculine,Why do ye not understand my speech? even because ye cannot hear my word.
λόγος,G3056,Jhn,8,51,9,λόγον,N-ASM,Accusative,Singular,Masculine,"Verily, verily, I say unto you, If a man keep my saying, he shall never see death."
λόγος,G3056,Jhn,8,52,22,λόγον,N-ASM,Accusative,Singular,Masculine,"Then said the Jews unto him, Now we know that thou hast a devil. Abraham is dead, and the prophets; and thou sayest, If a man keep my saying, he shall never taste of death."
λόγος,G3056,Jhn,8,55,24,λόγον,N-ASM,Accusative,Singular,Masculine,"Yet ye have not known him; but I know him: and if I should say, I know him not, I shall be a liar like unto you: but I know him, and keep his saying."
λόγος,G3056,Jhn,10,19,10,λόγους,N-APM,Accusative,Plural,Masculine,There was a division therefore again among the Jews for these sayings.
λόγος,G3056,Jhn,10,35,8,λόγος,N-NSM,Nominative,Singular,Masculine,"If he called them gods, unto whom the word of God came, and the scripture cannot be broken;"
λόγος,G3056,Jhn,12,38,3,λόγος,N-NSM,Nominative,Singular,Masculine,"That the saying of Esaias the prophet might be fulfilled, which he spake, Lord, who hath believed our report? and to whom hath the arm of the Lord been revealed?"
λόγος,G3056,Jhn,12,48,15,λόγος,N-NSM,Nominative,Singular,Masculine,"He that rejecteth me, and receiveth not my words, hath one that judgeth him: the word that I have spoken, the same shall judge him in the last day."
λόγος,G3056,Jhn,14,23,12,λόγον,N-ASM,Accusative,Singular,Masculine,"Jesus answered and said unto him, If a man love me, he will keep my words: and my Father will love him, and we will come unto him, and make our abode with him."
λόγος,G3056,Jhn,14,24,6,λόγους,N-APM,Accusative,Plural,Masculine,"He that loveth me not keepeth not my sayings: and the word which ye hear is not mine, but the Father’s which sent me."
λόγος,G3056,Jhn,14,24,12,λόγος,N-NSM,Nominative,Singular,Masculine,"He that loveth me not keepeth not my sayings: and the word which ye hear is not mine, but the Father’s which sent me."
λόγος,G3056,Jhn,15,3,7,λόγον,N-ASM,Accusative,Singular,Masculine,Now ye are clean through the word which I have spoken unto you.
λόγος,G3056,Jhn,15,20,3,λόγου,N-GSM,Genitive,Singular,Masculine,"Remember the word that I said unto you, The servant is not greater than his lord. If they have persecuted me, they will also persecute you; if they have kept my saying, they will keep yours also."
λόγος,G3056,Jhn,15,20,23,λόγον,N-ASM,Accusative,Singular,Masculine,"Remember the word that I said unto you, The servant is not greater than his lord. If they have persecuted me, they will also persecute you; if they have kept my saying, they will keep yours also."
λόγος,G3056,Jhn,15,25,5,λόγος,N-NSM,Nominative,Singular,Masculine,"But this cometh to pass, that the word might be fulfilled that is written in their law, They hated me without a cause."
λόγος,G3056,Jhn,17,6,20,λόγον,N-ASM,Accusative,Singular,Masculine,"I have manifested thy name unto the men which thou gavest me out of the world: thine they were, and thou gavest them me; and they have kept thy word."
λόγος,G3056,Jhn,17,14,5,λόγον,N-ASM,Accusative,Singular,Masculine,"I have given them thy word; and the world hath hated them, because they are not of the world, even as I am not of the world."
λόγος,G3056,Jhn,17,17,8,λόγος,N-NSM,Nominative,Singular,Masculine,Sanctify them through thy truth: thy word is truth.
λόγος,G3056,Jhn,17,20,14,λόγου,N-GSM,Genitive,Singular,Masculine,"Neither pray I for these alone, but for them also which shall believe on me through their word;"
λόγος,G3056,Jhn,18,9,4,λόγος,N-NSM,Nominative,Singular,Masculine,"That the saying might be fulfilled, which he spake, Of them which thou gavest me have I lost none."
λόγος,G3056,Jhn,18,32,3,λόγος,N-NSM,Nominative,Singular,Masculine,"That the saying of Jesus might be fulfilled, which he spake, signifying what death he should die."
λόγος,G3056,Jhn,19,8,8,λόγον,N-ASM,Accusative,Singular,Masculine,"When Pilate therefore heard that saying, he was the more afraid;"
λόγος,G3056,Jhn,19,13,6,λόγων,N-GPM,Genitive,Plural,Masculine,"When Pilate therefore heard that saying, he brought Jesus forth, and sat down in the judgment seat in a place that is called the Pavement, but in the Hebrew, Gabbatha."
λόγος,G3056,Jhn,21,23,5,λόγος,N-NSM,Nominative,Singular,Masculine,"Then went this saying abroad among the brethren, that that disciple should not die: yet Jesus said not unto him, He shall not die; but, If I will that he tarry till I come, what is that to thee?"
λόγος,G3056,Act,1,1,4,λόγον,N-ASM,Accusative,Singular,Masculine,"The former treatise have I made, O Theophilus, of all that Jesus began both to do and teach,"
λόγος,G3056,Act,2,22,5,λόγους,N-APM,Accusative,Plural,Masculine,"Ye men of Israel, hear these words; Jesus of Nazareth, a man approved of God among you by miracles and wonders and signs, which God did by him in the midst of you, as ye yourselves also know:"
λόγος,G3056,Act,2,40,3,λόγοις,N-DPM,Dative,Plural,Masculine,"And with many other words did he testify and exhort, saying, Save yourselves from this untoward generation."
λόγος,G3056,Act,2,41,7,λόγον,N-ASM,Accusative,Singular,Masculine,Then they that gladly received his word were baptized: and the same day there were added unto them about three thousand souls.
λόγος,G3056,Act,4,4,6,λόγον,N-ASM,Accusative,Singular,Masculine,Howbeit many of them which heard the word believed; and the number of the men was about five thousand.
λόγος,G3056,Act,4,29,20,λόγον,N-ASM,Accusative,Singular,Masculine,"And now, Lord, behold their threatenings: and grant unto thy servants, that with all boldness they may speak thy word,"
λόγος,G3056,Act,4,31,20,λόγον,N-ASM,Accusative,Singular,Masculine,"And when they had prayed, the place was shaken where they were assembled together; and they were all filled with the Holy Ghost, and they spake the word of God with boldness."
λόγος,G3056,Act,5,5,6,λόγους,N-APM,Accusative,Plural,Masculine,"And Ananias hearing these words fell down, and gave up the ghost: and great fear came on all them that heard these things."
λόγος,G3056,Act,5,24,5,λόγους,N-APM,Accusative,Plural,Masculine,"Now when the high priest and the captain of the temple and the chief priests heard these things, they doubted of them whereunto this would grow."
λόγος,G3056,Act,6,2,16,λόγον,N-ASM,Accusative,Singular,Masculine,"Then the twelve called the multitude of the disciples unto them, and said, It is not reason that we should leave the word of God, and serve tables."
λόγος,G3056,Act,6,4,9,λόγου,N-GSM,Genitive,Singular,Masculine,"But we will give ourselves continually to prayer, and to the ministry of the word."
λόγος,G3056,Act,6,5,4,λόγος,N-NSM,Nominative,Singular,Masculine,"And the saying pleased the whole multitude: and they chose Stephen, a man full of faith and of the Holy Ghost, and Philip, and Prochorus, and Nicanor, and Timon, and Parmenas, and Nicolas a proselyte of Antioch:"
λόγος,G3056,Act,6,7,3,λόγος,N-NSM,Nominative,Singular,Masculine,And the word of God increased; and the number of the disciples multiplied in Jerusalem greatly; and a great company of the priests were obedient to the faith.
λόγος,G3056,Act,7,22,12,λόγοις,N-DPM,Dative,Plural,Masculine,"And Moses was learned in all the wisdom of the Egyptians, and was mighty in words and in deeds."
λόγος,G3056,Act,7,29,6,λόγῳ,N-DSM,Dative,Singular,Masculine,"Then fled Moses at this saying, and was a stranger in the land of Madian, where he begat two sons."
λόγος,G3056,Act,8,4,8,λόγον.,N-ASM,Accusative,Singular,Masculine,Therefore they that were scattered abroad went every where preaching the word.
λόγος,G3056,Act,8,14,12,λόγον,N-ASM,Accusative,Singular,Masculine,"Now when the apostles which were at Jerusalem heard that Samaria had received the word of God, they sent unto them Peter and John:"
λόγος,G3056,Act,8,21,9,λόγῳ,N-DSM,Dative,Singular,Masculine,Thou hast neither part nor lot in this matter: for thy heart is not right in the sight of God.
λόγος,G3056,Act,8,25,8,λόγον,N-ASM,Accusative,Singular,Masculine,"And they, when they had testified and preached the word of the Lord, returned to Jerusalem, and preached the gospel in many villages of the Samaritans."
λόγος,G3056,Act,10,29,9,λόγῳ,N-DSM,Dative,Singular,Masculine,"Therefore came I unto you without gainsaying, as soon as I was sent for: I ask therefore for what intent ye have sent for me?"
λόγος,G3056,Act,10,36,2,λόγον,N-ASM,Accusative,Singular,Masculine,"The word which God sent unto the children of Israel, preaching peace by Jesus Christ: (he is Lord of all:)"
λόγος,G3056,Act,10,44,18,λόγον.,N-ASM,Accusative,Singular,Masculine,"While Peter yet spake these words, the Holy Ghost fell on all them which heard the word."
λόγος,G3056,Act,11,1,19,λόγον,N-ASM,Accusative,Singular,Masculine,And the apostles and brethren that were in Judea heard that the Gentiles had also received the word of God.
λόγος,G3056,Act,11,19,22,λόγον,N-ASM,Accusative,Singular,Masculine,"Now they which were scattered abroad upon the persecution that arose about Stephen travelled as far as Phenice, and Cyprus, and Antioch, preaching the word to none but unto the Jews only."
λόγος,G3056,Act,11,22,4,λόγος,N-NSM,Nominative,Singular,Masculine,"Then tidings of these things came unto the ears of the church which was in Jerusalem: and they sent forth Barnabas, that he should go as far as Antioch."
λόγος,G3056,Act,12,24,3,λόγος,N-NSM,Nominative,Singular,Masculine,But the word of God grew and multiplied.
λόγος,G3056,Act,13,5,7,λόγον,N-ASM,Accusative,Singular,Masculine,"And when they were at Salamis, they preached the word of God in the synagogues of the Jews: and they had also John to their minister."
λόγος,G3056,Act,13,7,18,λόγον,N-ASM,Accusative,Singular,Masculine,"Which was with the deputy of the country, Sergius Paulus, a prudent man; who called for Barnabas and Saul, and desired to hear the word of God."
λόγος,G3056,Act,13,15,23,λόγος,N-NSM,Nominative,Singular,Masculine,"And after the reading of the law and the prophets the rulers of the synagogue sent unto them, saying, Ye men and brethren, if ye have any word of exhortation for the people, say on."
λόγος,G3056,Act,13,26,15,λόγος,N-NSM,Nominative,Singular,Masculine,"Men and brethren, children of the stock of Abraham, and whosoever among you feareth God, to you is the word of this salvation sent."
λόγος,G3056,Act,13,44,12,λόγον,N-ASM,Accusative,Singular,Masculine,And the next sabbath day came almost the whole city together to hear the word of God.
λόγος,G3056,Act,13,46,15,λόγον,N-ASM,Accusative,Singular,Masculine,"Then Paul and Barnabas waxed bold, and said, It was necessary that the word of God should first have been spoken to you: but seeing ye put it from you, and judge yourselves unworthy of everlasting life, lo, we turn to the Gentiles."
λόγος,G3056,Act,13,48,9,λόγον,N-ASM,Accusative,Singular,Masculine,"And when the Gentiles heard this, they were glad, and glorified the word of the Lord: and as many as were ordained to eternal life believed."
λόγος,G3056,Act,13,49,4,λόγος,N-NSM,Nominative,Singular,Masculine,And the word of the Lord was published throughout all the region.
λόγος,G3056,Act,14,3,14,λόγῳ,N-DSM,Dative,Singular,Masculine,"Long time therefore abode they speaking boldly in the Lord, which gave testimony unto the word of his grace, and granted signs and wonders to be done by their hands."
λόγος,G3056,Act,14,12,17,λόγου.,N-GSM,Genitive,Singular,Masculine,"And they called Barnabas, Jupiter; and Paul, Mercurius, because he was the chief speaker."
λόγος,G3056,Act,14,25,6,λόγον,N-ASM,Accusative,Singular,Masculine,"And when they had preached the word in Perga, they went down into Attalia:"
λόγος,G3056,Act,15,6,11,λόγου,N-GSM,Genitive,Singular,Masculine,And the apostles and elders came together for to consider of this matter.
λόγος,G3056,Act,15,7,31,λόγον,N-ASM,Accusative,Singular,Masculine,"And when there had been much disputing, Peter rose up, and said unto them, Men and brethren, ye know how that a good while ago God made choice among us, that the Gentiles by my mouth should hear the word of the gospel, and believe."
λόγος,G3056,Act,15,15,5,λόγοι,N-NPM,Nominative,Plural,Masculine,"And to this agree the words of the prophets; as it is written,"
λόγος,G3056,Act,15,24,10,λόγοις,N-DPM,Dative,Plural,Masculine,"Forasmuch as we have heard, that certain which went out from us have troubled you with words, subverting your souls, saying, Ye must be circumcised, and keep the law: to whom we gave no such commandment:"
λόγος,G3056,Act,15,27,9,λόγου,N-GSM,Genitive,Singular,Masculine,"We have sent therefore Judas and Silas, who shall also tell you the same things by mouth."
λόγος,G3056,Act,15,32,10,λόγου,N-GSM,Genitive,Singular,Masculine,"And Judas and Silas, being prophets also themselves, exhorted the brethren with many words, and confirmed them."
λόγος,G3056,Act,15,35,16,λόγον,N-ASM,Accusative,Singular,Masculine,"Paul also and Barnabas continued in Antioch, teaching and preaching the word of the Lord, with many others also."
λόγος,G3056,Act,15,36,22,λόγον,N-ASM,Accusative,Singular,Masculine,"And some days after Paul said unto Barnabas, Let us go again and visit our brethren in every city where we have preached the word of the Lord, and see how they do."
λόγος,G3056,Act,16,6,16,λόγον,N-ASM,Accusative,Singular,Masculine,"Now when they had gone throughout Phrygia and the region of Galatia, and were forbidden of the Holy Ghost to preach the word in Asia,"
λόγος,G3056,Act,16,32,5,λόγον,N-ASM,Accusative,Singular,Masculine,"And they spake unto him the word of the Lord, and to all that were in his house."
λόγος,G3056,Act,16,36,6,λόγους,N-APM,Accusative,Plural,Masculine,"And the keeper of the prison told this saying to Paul, The magistrates have sent to let you go: now therefore depart, and go in peace."
λόγος,G3056,Act,17,11,11,λόγον,N-ASM,Accusative,Singular,Masculine,"These were more noble than those in Thessalonica, in that they received the word with all readiness of mind, and searched the scriptures daily, whether those things were so."
λόγος,G3056,Act,17,13,19,λόγος,N-NSM,Nominative,Singular,Masculine,"But when the Jews of Thessalonica had knowledge that the word of God was preached of Paul at Berea, they came thither also, and stirred up the people."
λόγος,G3056,Act,18,5,15,λόγῳ,N-DSM,Dative,Singular,Masculine,"And when Silas and Timotheus were come from Macedonia, Paul was pressed in the spirit, and testified to the Jews that Jesus was Christ."
λόγος,G3056,Act,18,11,11,λόγον,N-ASM,Accusative,Singular,Masculine,"And he continued there a year and six months, teaching the word of God among them."
λόγος,G3056,Act,18,14,26,λόγον,N-ASM,Accusative,Singular,Masculine,"And when Paul was now about to open his mouth, Gallio said unto the Jews, If it were a matter of wrong or wicked lewdness, O ye Jews, reason would that I should bear with you:"
λόγος,G3056,Act,18,15,6,λόγου,N-GSM,Genitive,Singular,Masculine,"But if it be a question of words and names, and of your law, look ye to it; for I will be no judge of such matters."
λόγος,G3056,Act,19,10,15,λόγον,N-ASM,Accusative,Singular,Masculine,"And this continued by the space of two years; so that all they which dwelt in Asia heard the word of the Lord Jesus, both Jews and Greeks."
λόγος,G3056,Act,19,20,7,λόγος,N-NSM,Nominative,Singular,Masculine,So mightily grew the word of God and prevailed.
λόγος,G3056,Act,19,38,13,"λόγον,",N-ASM,Accusative,Singular,Masculine,"Wherefore if Demetrius, and the craftsmen which are with him, have a matter against any man, the law is open, and there are deputies: let them implead one another."
λόγος,G3056,Act,19,40,17,λόγον,N-ASM,Accusative,Singular,Masculine,"For we are in danger to be called in question for this day’s uproar, there being no cause whereby we may give an account of this concourse."
λόγος,G3056,Act,20,2,9,λόγῳ,N-DSM,Dative,Singular,Masculine,"And when he had gone over those parts, and had given them much exhortation, he came into Greece,"
λόγος,G3056,Act,20,7,24,λόγον,N-ASM,Accusative,Singular,Masculine,"And upon the first day of the week, when the disciples came together to break bread, Paul preached unto them, ready to depart on the morrow; and continued his speech until midnight."
λόγος,G3056,Act,20,24,3,λόγου,N-GSM,Genitive,Singular,Masculine,"But none of these things move me, neither count I my life dear unto myself, so that I might finish my course with joy, and the ministry, which I have received of the Lord Jesus, to testify the gospel of the grace of God."
λόγος,G3056,Act,20,32,11,λόγῳ,N-DSM,Dative,Singular,Masculine,"And now, brethren, I commend you to God, and to the word of his grace, which is able to build you up, and to give you an inheritance among all them which are sanctified."
λόγος,G3056,Act,20,35,14,λόγων,N-GPM,Genitive,Plural,Masculine,"I have shewed you all things, how that so labouring ye ought to support the weak, and to remember the words of the Lord Jesus, how he said, It is more blessed to give than to receive."
λόγος,G3056,Act,20,38,5,λόγῳ,N-DSM,Dative,Singular,Masculine,"Sorrowing most of all for the words which he spake, that they should see his face no more. And they accompanied him unto the ship."
λόγος,G3056,Act,22,22,7,λόγου,N-GSM,Genitive,Singular,Masculine,"And they gave him audience unto this word, and then lifted up their voices, and said, Away with such a fellow from the earth: for it is not fit that he should live."
λόγος,G3056,Rom,3,4,19,λόγοις,N-DPM,Dative,Plural,Masculine,"God forbid: yea, let God be true, but every man a liar; as it is written, That thou mightest be justified in thy sayings, and mightest overcome when thou art judged."
λόγος,G3056,Rom,9,6,7,λόγος,N-NSM,Nominative,Singular,Masculine,"Not as though the word of God hath taken none effect. For they are not all Israel, which are of Israel:"
λόγος,G3056,Rom,9,9,4,λόγος,N-NSM,Nominative,Singular,Masculine,"For this is the word of promise, At this time will I come, and Sara shall have a son."
λόγος,G3056,Rom,9,28,1,λόγον,N-ASM,Accusative,Singular,Masculine,"For he will finish the work, and cut it short in righteousness: because a short work will the Lord make upon the earth."
λόγος,G3056,Rom,9,28,9,λόγον,N-ASM,Accusative,Singular,Masculine,"For he will finish the work, and cut it short in righteousness: because a short work will the Lord make upon the earth."
λόγος,G3056,Rom,13,9,20,λόγῳ,N-DSM,Dative,Singular,Masculine,"For this, Thou shalt not commit adultery, Thou shalt not kill, Thou shalt not steal, Thou shalt not bear false witness, Thou shalt not covet; and if there be any other commandment, it is briefly comprehended in this saying, namely, Thou shalt love thy neighbour as thyself."
λόγος,G3056,Rom,14,12,7,λόγον,N-ASM,Accusative,Singular,Masculine,So then every one of us shall give account of himself to God.
λόγος,G3056,Rom,15,18,15,λόγῳ,N-DSM,Dative,Singular,Masculine,"For I will not dare to speak of any of those things which Christ hath not wrought by me, to make the Gentiles obedient, by word and deed,"
λόγος,G3056,1Co,1,5,9,λόγῳ,N-DSM,Dative,Singular,Masculine,"That in every thing ye are enriched by him, in all utterance, and in all knowledge;"
λόγος,G3056,1Co,1,17,12,"λόγου,",N-GSM,Genitive,Singular,Masculine,"For Christ sent me not to baptize, but to preach the gospel: not with wisdom of words, lest the cross of Christ should be made of none effect."
λόγος,G3056,1Co,1,18,2,λόγος,N-NSM,Nominative,Singular,Masculine,For the preaching of the cross is to them that perish foolishness; but unto us which are saved it is the power of God.
λόγος,G3056,1Co,2,1,10,λόγου,N-GSM,Genitive,Singular,Masculine,"And I, brethren, when I came to you, came not with excellency of speech or of wisdom, declaring unto you the testimony of God."
λόγος,G3056,1Co,2,4,3,λόγος,N-NSM,Nominative,Singular,Masculine,"And my speech and my preaching was not with enticing words of man’s wisdom, but in demonstration of the Spirit and of power:"
λόγος,G3056,1Co,2,4,14,λόγοις,N-DPM,Dative,Plural,Masculine,"And my speech and my preaching was not with enticing words of man’s wisdom, but in demonstration of the Spirit and of power:"
λόγος,G3056,1Co,2,13,9,λόγοις,N-DPM,Dative,Plural,Masculine,"Which things also we speak, not in the words which man’s wisdom teacheth, but which the Holy Ghost teacheth; comparing spiritual things with spiritual."
λόγος,G3056,1Co,4,19,14,λόγον,N-ASM,Accusative,Singular,Masculine,"But I will come to you shortly, if the Lord will, and will know, not the speech of them which are puffed up, but the power."
λόγος,G3056,1Co,4,20,4,λόγῳ,N-DSM,Dative,Singular,Masculine,"For the kingdom of God is not in word, but in power."
λόγος,G3056,1Co,12,8,8,λόγος,N-NSM,Nominative,Singular,Masculine,For to one is given by the Spirit the word of wisdom; to another the word of knowledge by the same Spirit;
λόγος,G3056,1Co,12,8,12,λόγος,N-NSM,Nominative,Singular,Masculine,For to one is given by the Spirit the word of wisdom; to another the word of knowledge by the same Spirit;
λόγος,G3056,1Co,14,9,10,λόγον,N-ASM,Accusative,Singular,Masculine,"So likewise ye, except ye utter by the tongue words easy to be understood, how shall it be known what is spoken? for ye shall speak into the air."
λόγος,G3056,1Co,14,19,6,λόγους,N-APM,Accusative,Plural,Masculine,"Yet in the church I had rather speak five words with my understanding, that by my voice I might teach others also, than ten thousand words in an unknown tongue."
λόγος,G3056,1Co,14,19,18,λόγους,N-APM,Accusative,Plural,Masculine,"Yet in the church I had rather speak five words with my understanding, that by my voice I might teach others also, than ten thousand words in an unknown tongue."
λόγος,G3056,1Co,14,36,5,λόγος,N-NSM,Nominative,Singular,Masculine,What? came the word of God out from you? or came it unto you only?
λόγος,G3056,1Co,15,2,6,λόγῳ,N-DSM,Dative,Singular,Masculine,"By which also ye are saved, if ye keep in memory what I preached unto you, unless ye have believed in vain."
λόγος,G3056,1Co,15,54,18,λόγος,N-NSM,Nominative,Singular,Masculine,"So when this corruptible shall have put on incorruption, and this mortal shall have put on immortality, then shall be brought to pass the saying that is written, Death is swallowed up in victory."
λόγος,G3056,2Co,1,18,7,λόγος,N-NSM,Nominative,Singular,Masculine,"But as God is true, our word toward you was not yea and nay."
λόγος,G3056,2Co,2,17,9,λόγον,N-ASM,Accusative,Singular,Masculine,"For we are not as many, which corrupt the word of God: but as of sincerity, but as of God, in the sight of God speak we in Christ."
λόγος,G3056,2Co,4,2,14,λόγον,N-ASM,Accusative,Singular,Masculine,"But have renounced the hidden things of dishonesty, not walking in craftiness, nor handling the word of God deceitfully; but by manifestation of the truth commending ourselves to every man’s conscience in the sight of God."
λόγος,G3056,2Co,5,19,21,λόγον,N-ASM,Accusative,Singular,Masculine,"To wit, that God was in Christ, reconciling the world unto himself, not imputing their trespasses unto them; and hath committed unto us the word of reconciliation."
λόγος,G3056,2Co,6,7,2,λόγῳ,N-DSM,Dative,Singular,Masculine,"By the word of truth, by the power of God, by the armour of righteousness on the right hand and on the left,"
λόγος,G3056,2Co,8,7,8,λόγῳ,N-DSM,Dative,Singular,Masculine,"Therefore, as ye abound in every thing, in faith, and utterance, and knowledge, and in all diligence, and in your love to us, see that ye abound in this grace also."
λόγος,G3056,2Co,10,10,17,λόγος,N-NSM,Nominative,Singular,Masculine,"For his letters, say they, are weighty and powerful; but his bodily presence is weak, and his speech contemptible."
λόγος,G3056,2Co,10,11,9,λόγῳ,N-DSM,Dative,Singular,Masculine,"Let such an one think this, that, such as we are in word by letters when we are absent, such will we be also in deed when we are present."
λόγος,G3056,2Co,11,6,6,"λόγῳ,",N-DSM,Dative,Singular,Masculine,"But though I be rude in speech, yet not in knowledge; but we have been throughly made manifest among you in all things."
λόγος,G3056,Gal,5,14,7,λόγῳ,N-DSM,Dative,Singular,Masculine,"For all the law is fulfilled in one word, even in this; Thou shalt love thy neighbour as thyself."
λόγος,G3056,Gal,6,6,6,λόγον,N-ASM,Accusative,Singular,Masculine,Let him that is taught in the word communicate unto him that teacheth in all good things.
λόγος,G3056,Eph,1,13,7,λόγον,N-ASM,Accusative,Singular,Masculine,"In whom ye also trusted, after that ye heard the word of truth, the gospel of your salvation: in whom also after that ye believed, ye were sealed with that holy Spirit of promise,"
λόγος,G3056,Eph,4,29,2,λόγος,N-NSM,Nominative,Singular,Masculine,"Let no corrupt communication proceed out of your mouth, but that which is good to the use of edifying, that it may minister grace unto the hearers."
λόγος,G3056,Eph,5,6,5,λόγοις·,N-DPM,Dative,Plural,Masculine,Let no man deceive you with vain words: for because of these things cometh the wrath of God upon the children of disobedience.
λόγος,G3056,Eph,6,19,7,λόγος,N-NSM,Nominative,Singular,Masculine,"And for me, that utterance may be given unto me, that I may open my mouth boldly, to make known the mystery of the gospel,"
λόγος,G3056,Php,1,14,16,λόγον,N-ASM,Accusative,Singular,Masculine,"And many of the brethren in the Lord, waxing confident by my bonds, are much more bold to speak the word without fear."
λόγος,G3056,Php,2,16,1,λόγον,N-ASM,Accusative,Singular,Masculine,"Holding forth the word of life; that I may rejoice in the day of Christ, that I have not run in vain, neither laboured in vain."
λόγος,G3056,Php,4,15,20,λόγον,N-ASM,Accusative,Singular,Masculine,"Now ye Philippians know also, that in the beginning of the gospel, when I departed from Macedonia, no church communicated with me as concerning giving and receiving, but ye only."
λόγος,G3056,Php,4,17,13,λόγον,N-ASM,Accusative,Singular,Masculine,Not because I desire a gift: but I desire fruit that may abound to your account.
λόγος,G3056,Col,1,5,14,λόγῳ,N-DSM,Dative,Singular,Masculine,"For the hope which is laid up for you in heaven, whereof ye heard before in the word of the truth of the gospel;"
λόγος,G3056,Col,1,25,17,λόγον,N-ASM,Accusative,Singular,Masculine,"Whereof I am made a minister, according to the dispensation of God which is given to me for you, to fulfil the word of God;"
λόγος,G3056,Col,2,23,3,λόγον,N-ASM,Accusative,Singular,Masculine,"Which things have indeed a shew of wisdom in will worship, and humility, and neglecting of the body; not in any honour to the satisfying of the flesh."
λόγος,G3056,Col,3,16,2,λόγος,N-NSM,Nominative,Singular,Masculine,"Let the word of Christ dwell in you richly in all wisdom; teaching and admonishing one another in psalms and hymns and spiritual songs, singing with grace in your hearts to the Lord."
λόγος,G3056,Col,3,17,8,λόγῳ,N-DSM,Dative,Singular,Masculine,"And whatsoever ye do in word or deed, do all in the name of the Lord Jesus, giving thanks to God and the Father by him."
λόγος,G3056,Col,4,3,13,λόγου,N-GSM,Genitive,Singular,Masculine,"Withal praying also for us, that God would open unto us a door of utterance, to speak the mystery of Christ, for which I am also in bonds:"
λόγος,G3056,Col,4,6,2,λόγος,N-NSM,Nominative,Singular,Masculine,"Let your speech be alway with grace, seasoned with salt, that ye may know how ye ought to answer every man."
λόγος,G3056,1Th,1,5,10,λόγῳ,N-DSM,Dative,Singular,Masculine,"For our gospel came not unto you in word only, but also in power, and in the Holy Ghost, and in much assurance; as ye know what manner of men we were among you for your sake."
λόγος,G3056,1Th,1,6,11,λόγον,N-ASM,Accusative,Singular,Masculine,"And ye became followers of us, and of the Lord, having received the word in much affliction, with joy of the Holy Ghost:"
λόγος,G3056,1Th,1,8,6,λόγος,N-NSM,Nominative,Singular,Masculine,"For from you sounded out the word of the Lord not only in Macedonia and Achaia, but also in every place your faith to God-ward is spread abroad; so that we need not to speak any thing."
λόγος,G3056,1Th,2,5,5,λόγῳ,N-DSM,Dative,Singular,Masculine,"For neither at any time used we flattering words, as ye know, nor a cloke of covetousness; God is witness:"
λόγος,G3056,1Th,2,13,12,λόγον,N-ASM,Accusative,Singular,Masculine,"For this cause also thank we God without ceasing, because, when ye received the word of God which ye heard of us, ye received it not as the word of men, but as it is in truth, the word of God, which effectually worketh also in you that believe."
λόγος,G3056,1Th,2,13,20,λόγον,N-ASM,Accusative,Singular,Masculine,"For this cause also thank we God without ceasing, because, when ye received the word of God which ye heard of us, ye received it not as the word of men, but as it is in truth, the word of God, which effectually worketh also in you that believe."
λόγος,G3056,1Th,2,13,26,λόγον,N-ASM,Accusative,Singular,Masculine,"For this cause also thank we God without ceasing, because, when ye received the word of God which ye heard of us, ye received it not as the word of men, but as it is in truth, the word of God, which effectually worketh also in you that believe."
λόγος,G3056,1Th,4,15,6,λόγῳ,N-DSM,Dative,Singular,Masculine,"For this we say unto you by the word of the Lord, that we which are alive and remain unto the coming of the Lord shall not prevent them which are asleep."
λόγος,G3056,1Th,4,18,6,λόγοις,N-DPM,Dative,Plural,Masculine,Wherefore comfort one another with these words.
λόγος,G3056,2Th,2,2,17,λόγου,N-GSM,Genitive,Singular,Masculine,"That ye be not soon shaken in mind, or be troubled, neither by spirit, nor by word, nor by letter as from us, as that the day of Christ is at hand."
λόγος,G3056,2Th,2,15,13,λόγου,N-GSM,Genitive,Singular,Masculine,"Therefore, brethren, stand fast, and hold the traditions which ye have been taught, whether by word, or our epistle."
λόγος,G3056,2Th,2,17,12,λόγῳ,N-DSM,Dative,Singular,Masculine,"Comfort your hearts, and stablish you in every good word and work."
λόγος,G3056,2Th,3,1,9,λόγος,N-NSM,Nominative,Singular,Masculine,"Finally, brethren, pray for us, that the word of the Lord may have free course, and be glorified, even as it is with you:"
λόγος,G3056,2Th,3,14,7,λόγῳ,N-DSM,Dative,Singular,Masculine,"And if any man obey not our word by this epistle, note that man, and have no company with him, that he may be ashamed."
λόγος,G3056,1Ti,1,15,3,λόγος,N-NSM,Nominative,Singular,Masculine,"This is a faithful saying, and worthy of all acceptation, that Christ Jesus came into the world to save sinners; of whom I am chief."
λόγος,G3056,1Ti,3,1,3,λόγος·,N-NSM,Nominative,Singular,Masculine,"This is a true saying, If a man desire the office of a bishop, he desireth a good work."
λόγος,G3056,1Ti,4,5,4,λόγου,N-GSM,Genitive,Singular,Masculine,For it is sanctified by the word of God and prayer.
λόγος,G3056,1Ti,4,6,12,λόγοις,N-DPM,Dative,Plural,Masculine,"If thou put the brethren in remembrance of these things, thou shalt be a good minister of Jesus Christ, nourished up in the words of faith and of good doctrine, whereunto thou hast attained."
λόγος,G3056,1Ti,4,9,3,λόγος,N-NSM,Nominative,Singular,Masculine,This is a faithful saying and worthy of all acceptation.
λόγος,G3056,1Ti,4,12,12,"λόγῳ,",N-DSM,Dative,Singular,Masculine,"Let no man despise thy youth; but be thou an example of the believers, in word, in conversation, in charity, in spirit, in faith, in purity."
λόγος,G3056,1Ti,5,17,12,λόγῳ,N-DSM,Dative,Singular,Masculine,"Let the elders that rule well be counted worthy of double honour, especially they who labour in the word and doctrine."
λόγος,G3056,1Ti,6,3,8,λόγοις,N-DPM,Dative,Plural,Masculine,"If any man teach otherwise, and consent not to wholesome words, even the words of our Lord Jesus Christ, and to the doctrine which is according to godliness;"
λόγος,G3056,2Ti,1,13,4,λόγων,N-GPM,Genitive,Plural,Masculine,"Hold fast the form of sound words, which thou hast heard of me, in faith and love which is in Christ Jesus."
λόγος,G3056,2Ti,2,9,10,λόγος,N-NSM,Nominative,Singular,Masculine,"Wherein I suffer trouble, as an evil doer, even unto bonds; but the word of God is not bound."
λόγος,G3056,2Ti,2,11,3,λόγος·,N-NSM,Nominative,Singular,Masculine,"It is a faithful saying: For if we be dead with him, we shall also live with him:"
λόγος,G3056,2Ti,2,15,11,λόγον,N-ASM,Accusative,Singular,Masculine,"Study to shew thyself approved unto God, a workman that needeth not to be ashamed, rightly dividing the word of truth."
λόγος,G3056,2Ti,2,17,3,λόγος,N-NSM,Nominative,Singular,Masculine,And their word will eat as doth a canker: of whom is Hymeneus and Philetus;
λόγος,G3056,2Ti,4,2,3,"λόγον,",N-ASM,Accusative,Singular,Masculine,"Preach the word; be instant in season, out of season; reprove, rebuke, exhort with all longsuffering and doctrine."
λόγος,G3056,2Ti,4,15,10,λόγοις.¶,N-DPM,Dative,Plural,Masculine,Of whom be thou ware also; for he hath greatly withstood our words.
λόγος,G3056,Tit,1,3,6,λόγον,N-ASM,Accusative,Singular,Masculine,"But hath in due times manifested his word through preaching, which is committed unto me according to the commandment of God our Saviour;"
λόγος,G3056,Tit,1,9,7,"λόγου,",N-GSM,Genitive,Singular,Masculine,"Holding fast the faithful word as he hath been taught, that he may be able by sound doctrine both to exhort and to convince the gainsayers."
λόγος,G3056,Tit,2,5,12,λόγος,N-NSM,Nominative,Singular,Masculine,"To be discreet, chaste, keepers at home, good, obedient to their own husbands, that the word of God be not blasphemed."
λόγος,G3056,Tit,2,8,1,λόγον,N-ASM,Accusative,Singular,Masculine,"Sound speech, that cannot be condemned; that he that is of the contrary part may be ashamed, having no evil thing to say of you."
λόγος,G3056,Tit,3,8,3,"λόγος,",N-NSM,Nominative,Singular,Masculine,"This is a faithful saying, and these things I will that thou affirm constantly, that they which have believed in God might be careful to maintain good works. These things are good and profitable unto men."
λόγος,G3056,Heb,2,2,7,λόγος,N-NSM,Nominative,Singular,Masculine,"For if the word spoken by angels was stedfast, and every transgression and disobedience received a just recompence of reward;"
λόγος,G3056,Heb,4,2,11,λόγος,N-NSM,Nominative,Singular,Masculine,"For unto us was the gospel preached, as well as unto them: but the word preached did not profit them, not being mixed with faith in them that heard it."
λόγος,G3056,Heb,4,12,4,λόγος,N-NSM,Nominative,Singular,Masculine,"For the word of God is quick, and powerful, and sharper than any twoedged sword, piercing even to the dividing asunder of soul and spirit, and of the joints and marrow, and is a discerner of the thoughts and intents of the heart."
λόγος,G3056,Heb,4,13,20,λόγος.¶,N-NSM,Nominative,Singular,Masculine,Neither is there any creature that is not manifest in his sight: but all things are naked and opened unto the eyes of him with whom we have to do.
λόγος,G3056,Heb,5,11,6,λόγος,N-NSM,Nominative,Singular,Masculine,"Of whom we have many things to say, and hard to be uttered, seeing ye are dull of hearing."
λόγος,G3056,Heb,5,13,7,λόγου,N-GSM,Genitive,Singular,Masculine,For every one that useth milk is unskilful in the word of righteousness: for he is a babe.
λόγος,G3056,Heb,6,1,8,λόγον,N-ASM,Accusative,Singular,Masculine,"Therefore leaving the principles of the doctrine of Christ, let us go on unto perfection; not laying again the foundation of repentance from dead works, and of faith toward God,"
λόγος,G3056,Heb,7,28,10,λόγος,N-NSM,Nominative,Singular,Masculine,"For the law maketh men high priests which have infirmity; but the word of the oath, which was since the law, maketh the Son, who is consecrated for evermore."
λόγος,G3056,Heb,12,19,14,λόγον·,N-ASM,Accusative,Singular,Masculine,"And the sound of a trumpet, and the voice of words; which voice they that heard intreated that the word should not be spoken to them any more:"
λόγος,G3056,Heb,13,7,9,λόγον,N-ASM,Accusative,Singular,Masculine,"Remember them which have the rule over you, who have spoken unto you the word of God: whose faith follow, considering the end of their conversation."
λόγος,G3056,Heb,13,17,15,λόγον,N-ASM,Accusative,Singular,Masculine,"Obey them that have the rule over you, and submit yourselves: for they watch for your souls, as they that must give account, that they may do it with joy, and not with grief: for that is unprofitable for you."
λόγος,G3056,Heb,13,22,7,λόγου,N-GSM,Genitive,Singular,Masculine,"And I beseech you, brethren, suffer the word of exhortation: for I have written a letter unto you in few words."
λόγος,G3056,Jas,1,18,4,λόγῳ,N-DSM,Dative,Singular,Masculine,"Of his own will begat he us with the word of truth, that we should be a kind of firstfruits of his creatures."
λόγος,G3056,Jas,1,21,13,λόγον,N-ASM,Accusative,Singular,Masculine,"Wherefore lay apart all filthiness and superfluity of naughtiness, and receive with meekness the engrafted word, which is able to save your souls."
λόγος,G3056,Jas,1,22,4,λόγου,N-GSM,Genitive,Singular,Masculine,"But be ye doers of the word, and not hearers only, deceiving your own selves."
λόγος,G3056,Jas,1,23,5,λόγου,N-GSM,Genitive,Singular,Masculine,"For if any be a hearer of the word, and not a doer, he is like unto a man beholding his natural face in a glass:"
λόγος,G3056,Jas,3,2,8,λόγῳ,N-DSM,Dative,Singular,Masculine,"For in many things we offend all. If any man offend not in word, the same is a perfect man, and able also to bridle the whole body."
λόγος,G3056,1Pe,1,23,9,λόγου,N-GSM,Genitive,Singular,Masculine,"Being born again, not of corruptible seed, but of incorruptible, by the word of God, which liveth and abideth for ever."
λόγος,G3056,1Pe,2,8,10,λόγῳ,N-DSM,Dative,Singular,Masculine,"And a stone of stumbling, and a rock of offence, even to them which stumble at the word, being disobedient: whereunto also they were appointed."
λόγος,G3056,1Pe,3,1,14,"λόγῳ,",N-DSM,Dative,Singular,Masculine,"Likewise, ye wives, be in subjection to your own husbands; that, if any obey not the word, they also may without the word be won by the conversation of the wives;"
λόγος,G3056,1Pe,3,1,21,λόγου,N-GSM,Genitive,Singular,Masculine,"Likewise, ye wives, be in subjection to your own husbands; that, if any obey not the word, they also may without the word be won by the conversation of the wives;"
λόγος,G3056,1Pe,3,15,19,λόγον,N-ASM,Accusative,Singular,Masculine,But sanctify the Lord God in your hearts: and be ready always to give an answer to every man that asketh you a reason of the hope that is in you with meekness and fear:
λόγος,G3056,1Pe,4,5,3,λόγον,N-ASM,Accusative,Singular,Masculine,Who shall give account to him that is ready to judge the quick and the dead.
λόγος,G3056,2Pe,1,19,6,"λόγον,",N-ASM,Accusative,Singular,Masculine,"We have also a more sure word of prophecy; whereunto ye do well that ye take heed, as unto a light that shineth in a dark place, until the day dawn, and the day star arise in your hearts:"
λόγος,G3056,2Pe,2,3,5,λόγοις,N-DPM,Dative,Plural,Masculine,"And through covetousness shall they with feigned words make merchandise of you: whose judgment now of a long time lingereth not, and their damnation slumbereth not."
λόγος,G3056,2Pe,3,5,21,"λόγῳ,",N-DSM,Dative,Singular,Masculine,"For this they willingly are ignorant of, that by the word of God the heavens were of old, and the earth standing out of the water and in the water:"
λόγος,G3056,2Pe,3,7,10,λόγῳ,N-DSM,Dative,Singular,Masculine,"But the heavens and the earth, which are now, by the same word are kept in store, reserved unto fire against the day of judgment and perdition of ungodly men."
λόγος,G3056,1Jn,1,1,21,λόγου,N-GSM,Genitive,Singular,Masculine,"That which was from the beginning, which we have heard, which we have seen with our eyes, which we have looked upon, and our hands have handled, of the Word of life;"
λόγος,G3056,1Jn,1,10,11,λόγος,N-NSM,Nominative,Singular,Masculine,"If we say that we have not sinned, we make him a liar, and his word is not in us."
λόγος,G3056,1Jn,2,5,7,"λόγον,",N-ASM,Accusative,Singular,Masculine,"But whoso keepeth his word, in him verily is the love of God perfected: hereby know we that we are in him."
λόγος,G3056,1Jn,2,7,20,λόγος,N-NSM,Nominative,Singular,Masculine,"Brethren, I write no new commandment unto you, but an old commandment which ye had from the beginning. The old commandment is the word which ye have heard from the beginning."
λόγος,G3056,1Jn,2,14,24,λόγος,N-NSM,Nominative,Singular,Masculine,"I have written unto you, fathers, because ye have known him that is from the beginning. I have written unto you, young men, because ye are strong, and the word of God abideth in you, and ye have overcome the wicked one."
λόγος,G3056,1Jn,3,18,5,λόγῳ,N-DSM,Dative,Singular,Masculine,"My little children, let us not love in word, neither in tongue; but in deed and in truth."
λόγος,G3056,1Jn,5,7,12,λόγος,N-NSM,Nominative,Singular,Masculine,"For there are three that bear record in heaven, the Father, the Word, and the Holy Ghost: and these three are one."
λόγος,G3056,3Jn,1,10,11,λόγοις,N-DPM,Dative,Plural,Masculine,"Wherefore, if I come, I will remember his deeds which he doeth, prating against us with malicious words: and not content therewith, neither doth he himself receive the brethren, and forbiddeth them that would, and casteth them out of the church."
λόγος,G3056,Rev,1,2,4,λόγον,N-ASM,Accusative,Singular,Masculine,"Who bare record of the word of God, and of the testimony of Jesus Christ, and of all things that he saw."
λόγος,G3056,Rev,1,3,8,λόγους,N-APM,Accusative,Plural,Masculine,"Blessed is he that readeth, and they that hear the words of this prophecy, and keep those things which are written therein: for the time is at hand."
λόγος,G3056,Rev,1,9,30,λόγον,N-ASM,Accusative,Singular,Masculine,"I John, who also am your brother, and companion in tribulation, and in the kingdom and patience of Jesus Christ, was in the isle that is called Patmos, for the word of God, and for the testimony of Jesus Christ."
λόγος,G3056,Rev,3,8,24,λόγον,N-ASM,Accusative,Singular,Masculine,"I know thy works: behold, I have set before thee an open door, and no man can shut it: for thou hast a little strength, and hast kept my word, and hast not denied my name."
λόγος,G3056,Rev,3,10,4,λόγον,N-ASM,Accusative,Singular,Masculine,"Because thou hast kept the word of my patience, I also will keep thee from the hour of temptation, which shall come upon all the world, to try them that dwell upon the earth."
λόγος,G3056,Rev,6,9,17,λόγον,N-ASM,Accusative,Singular,Masculine,"And when he had opened the fifth seal, I saw under the altar the souls of them that were slain for the word of God, and for the testimony which they held:"
λόγος,G3056,Rev,12,11,13,λόγον,N-ASM,Accusative,Singular,Masculine,"And they overcame him by the blood of the Lamb, and by the word of their testimony; and they loved not their lives unto the death."
λόγος,G3056,Rev,17,17,27,λόγοι,N-NPM,Nominative,Plural,Masculine,"For God hath put in their hearts to fulfil his will, and to agree, and give their kingdom unto the beast, until the words of God shall be fulfilled."
λόγος,G3056,Rev,19,9,20,λόγοι,N-NPM,Nominative,Plural,Masculine,"And he saith unto me, Write, Blessed are they which are called unto the marriage supper of the Lamb. And he saith unto me, These are the true sayings of God."
λόγος,G3056,Rev,19,13,12,λόγος,N-NSM,Nominative,Singular,Masculine,And he was clothed with a vesture dipped in blood: and his name is called The Word of God.
λόγος,G3056,Rev,20,4,24,λόγον,N-ASM,Accusative,Singular,Masculine,"And I saw thrones, and they sat upon them, and judgment was given unto them: and I saw the souls of them that were beheaded for the witness of Jesus, and for the word of God, and which had not worshipped the beast, neither his image, neither had received his mark upon their foreheads, or in their hands; and they lived and reigned with Christ a thousand years."
λόγος,G3056,Rev,21,5,19,λόγοι,N-NPM,Nominative,Plural,Masculine,"And he that sat upon the throne said, Behold, I make all things new. And he said unto me, Write: for these words are true and faithful."
λόγος,G3056,Rev,22,6,6,λόγοι,N-NPM,Nominative,Plural,Masculine,"And he said unto me, These sayings are faithful and true: and the Lord God of the holy prophets sent his angel to shew unto his servants the things which must shortly be done."
λόγος,G3056,Rev,22,7,9,λόγους,N-APM,Accusative,Plural,Masculine,"Behold, I come quickly: blessed is he that keepeth the sayings of the prophecy of this book."
λόγος,G3056,Rev,22,9,20,λόγους,N-APM,Accusative,Plural,Masculine,"Then saith he unto me, See thou do it not: for I am thy fellowservant, and of thy brethren the prophets, and of them which keep the sayings of this book: worship God."
λόγος,G3056,Rev,22,10,7,λόγους,N-APM,Accusative,Plural,Masculine,"And he saith unto me, Seal not the sayings of the prophecy of this book: for the time is at hand."
λόγος,G3056,Rev,22,18,7,λόγους,N-APM,Accusative,Plural,Masculine,"For I testify unto every man that heareth the words of the prophecy of this book, If any man shall add unto these things, God shall add unto him the plagues that are written in this book:"
λόγος,G3056,Rev,22,19,7,λόγων,N-GPM,Genitive,Plural,Masculine,"And if any man shall take away from the words of the book of this prophecy, God shall take away his part out of the book of life, and out of the holy city, and from the things which are written in this book."
ῥῆμα,G4487,Mat,4,4,16,ῥήματι,N-DSN,Dative,Singular,Neuter,"But he answered and said, It is written, Man shall not live by bread alone, but by every word that proceedeth out of the mouth of God."
ῥῆμα,G4487,Mat,5,11,12,ῥῆμα,N-ASN,Accusative,Singular,Neuter,"Blessed are ye, when men shall revile you, and persecute you, and shall say all manner of evil against you falsely, for my sake."
ῥῆμα,G4487,Mat,12,36,6,ῥῆμα,N-ASN,Accusative,Singular,Neuter,"But I say unto you, That every idle word that men shall speak, they shall give account thereof in the day of judgment."
ῥῆμα,G4487,Mat,18,16,21,ῥῆμα.,N-NSN,Nominative,Singular,Neuter,"But if he will not hear thee, then take with thee one or two more, that in the mouth of two or three witnesses every word may be established."
ῥῆμα,G4487,Mat,26,75,6,ῥήματος,N-GSN,Genitive,Singular,Neuter,"And Peter remembered the word of Jesus, which said unto him, Before the cock crow, thou shalt deny me thrice. And he went out, and wept bitterly."
ῥῆμα,G4487,Mat,27,14,8,ῥῆμα,N-ASN,Accusative,Singular,Neuter,And he answered him to never a word; insomuch that the governor marvelled greatly.
ῥῆμα,G4487,Mrk,9,32,5,ῥῆμα,N-ASN,Accusative,Singular,Neuter,"But they understood not that saying, and were afraid to ask him."
ῥῆμα,G4487,Mrk,14,72,12,ῥῆμα,N-ASN,Accusative,Singular,Neuter,"And the second time the cock crew. And Peter called to mind the word that Jesus said unto him, Before the cock crow twice, thou shalt deny me thrice. And when he thought thereon, he wept."
ῥῆμα,G4487,Luk,1,37,8,ῥῆμα.¶,N-NSN,Nominative,Singular,Neuter,For with God nothing shall be impossible.
ῥῆμα,G4487,Luk,1,38,12,ῥῆμά,N-ASN,Accusative,Singular,Neuter,"And Mary said, Behold the handmaid of the Lord; be it unto me according to thy word. And the angel departed from her."
ῥῆμα,G4487,Luk,1,65,19,ῥήματα,N-NPN,Nominative,Plural,Neuter,And fear came on all that dwelt round about them: and all these sayings were noised abroad throughout all the hill country of Judea.
ῥῆμα,G4487,Luk,2,15,27,ῥῆμα,N-ASN,Accusative,Singular,Neuter,"And it came to pass, as the angels were gone away from them into heaven, the shepherds said one to another, Let us now go even unto Bethlehem, and see this thing which is come to pass, which the Lord hath made known unto us."
ῥῆμα,G4487,Luk,2,17,6,ῥήματος,N-GSN,Genitive,Singular,Neuter,"And when they had seen it, they made known abroad the saying which was told them concerning this child."
ῥῆμα,G4487,Luk,2,19,7,ῥήματα,N-APN,Accusative,Plural,Neuter,"But Mary kept all these things, and pondered them in her heart."
ῥῆμα,G4487,Luk,2,29,9,ῥῆμά,N-ASN,Accusative,Singular,Neuter,"Lord, now lettest thou thy servant depart in peace, according to thy word:"
ῥῆμα,G4487,Luk,2,50,6,ῥῆμα,N-ASN,Accusative,Singular,Neuter,And they understood not the saying which he spake unto them.
ῥῆμα,G4487,Luk,2,51,20,ῥήματα,N-APN,Accusative,Plural,Neuter,"And he went down with them, and came to Nazareth, and was subject unto them: but his mother kept all these sayings in her heart."
ῥῆμα,G4487,Luk,3,2,7,ῥῆμα,N-NSN,Nominative,Singular,Neuter,"Annas and Caiaphas being the high priests, the word of God came unto John the son of Zacharias in the wilderness."
ῥῆμα,G4487,Luk,4,4,20,ῥήματι,N-DSN,Dative,Singular,Neuter,"And Jesus answered him, saying, It is written, That man shall not live by bread alone, but by every word of God."
ῥῆμα,G4487,Luk,5,5,18,ῥήματί,N-DSN,Dative,Singular,Neuter,"And Simon answering said unto him, Master, we have toiled all the night, and have taken nothing: nevertheless at thy word I will let down the net."
ῥῆμα,G4487,Luk,7,1,5,ῥήματα,N-APN,Accusative,Plural,Neuter,"Now when he had ended all his sayings in the audience of the people, he entered into Capernaum."
ῥῆμα,G4487,Luk,9,45,5,ῥῆμα,N-ASN,Accusative,Singular,Neuter,"But they understood not this saying, and it was hid from them, that they perceived it not: and they feared to ask him of that saying."
ῥῆμα,G4487,Luk,9,45,22,ῥήματος,N-GSN,Genitive,Singular,Neuter,"But they understood not this saying, and it was hid from them, that they perceived it not: and they feared to ask him of that saying."
ῥῆμα,G4487,Luk,18,34,9,ῥῆμα,N-NSN,Nominative,Singular,Neuter,"And they understood none of these things: and this saying was hid from them, neither knew they the things which were spoken."
ῥῆμα,G4487,Luk,20,26,6,ῥήματος,N-GSN,Genitive,Singular,Neuter,"And they could not take hold of his words before the people: and they marvelled at his answer, and held their peace."
ῥῆμα,G4487,Luk,22,61,13,ῥήματος,N-GSN,Genitive,Singular,Neuter,"And the Lord turned, and looked upon Peter. And Peter remembered the word of the Lord, how he had said unto him, Before the cock crow, thou shalt deny me thrice."
ῥῆμα,G4487,Luk,24,8,4,ῥημάτων,N-GPN,Genitive,Plural,Neuter,"And they remembered his words,"
ῥῆμα,G4487,Luk,24,11,8,ῥήματα,N-NPN,Nominative,Plural,Neuter,"And their words seemed to them as idle tales, and they believed them not."
ῥῆμα,G4487,Jhn,3,34,7,ῥήματα,N-APN,Accusative,Plural,Neuter,For he whom God hath sent speaketh the words of God: for God giveth not the Spirit by measure unto him.
ῥῆμα,G4487,Jhn,5,47,11,ῥήμασιν,N-DPN,Dative,Plural,Neuter,"But if ye believe not his writings, how shall ye believe my words?"
ῥῆμα,G4487,Jhn,6,63,12,ῥήματα,N-NPN,Nominative,Plural,Neuter,"It is the spirit that quickeneth; the flesh profiteth nothing: the words that I speak unto you, they are spirit, and they are life."
ῥῆμα,G4487,Jhn,6,68,10,ῥήματα,N-APN,Accusative,Plural,Neuter,"Then Simon Peter answered him, Lord, to whom shall we go? thou hast the words of eternal life."
ῥῆμα,G4487,Jhn,8,20,3,ῥήματα,N-APN,Accusative,Plural,Neuter,"These words spake Jesus in the treasury, as he taught in the temple: and no man laid hands on him; for his hour was not yet come."
ῥῆμα,G4487,Jhn,8,47,7,ῥήματα,N-APN,Accusative,Plural,Neuter,"He that is of God heareth God’s words: ye therefore hear them not, because ye are not of God."
ῥῆμα,G4487,Jhn,10,21,6,ῥήματα,N-NPN,Nominative,Plural,Neuter,"Others said, These are not the words of him that hath a devil. Can a devil open the eyes of the blind?"
ῥῆμα,G4487,Jhn,12,47,7,ῥημάτων,N-GPN,Genitive,Plural,Neuter,"And if any man hear my words, and believe not, I judge him not: for I came not to judge the world, but to save the world."
ῥῆμα,G4487,Jhn,12,48,8,ῥήματά,N-APN,Accusative,Plural,Neuter,"He that rejecteth me, and receiveth not my words, hath one that judgeth him: the word that I have spoken, the same shall judge him in the last day."
ῥῆμα,G4487,Jhn,14,10,15,ῥήματα,N-APN,Accusative,Plural,Neuter,"Believest thou not that I am in the Father, and the Father in me? the words that I speak unto you I speak not of myself: but the Father that dwelleth in me, he doeth the works."
ῥῆμα,G4487,Jhn,15,7,7,ῥήματά,N-NPN,Nominative,Plural,Neuter,"If ye abide in me, and my words abide in you, ye shall ask what ye will, and it shall be done unto you."
ῥῆμα,G4487,Jhn,17,8,3,ῥήματα,N-APN,Accusative,Plural,Neuter,"For I have given unto them the words which thou gavest me; and they have received them, and have known surely that I came out from thee, and they have believed that thou didst send me."
ῥῆμα,G4487,Act,2,14,29,ῥήματά,N-APN,Accusative,Plural,Neuter,"But Peter, standing up with the eleven, lifted up his voice, and said unto them, Ye men of Judea, and all ye that dwell at Jerusalem, be this known unto you, and hearken to my words:"
ῥῆμα,G4487,Act,5,20,12,ῥήματα,N-APN,Accusative,Plural,Neuter,"Go, stand and speak in the temple to the people all the words of this life."
ῥῆμα,G4487,Act,5,32,7,ῥημάτων,N-GPN,Genitive,Plural,Neuter,"And we are his witnesses of these things; and so is also the Holy Ghost, whom God hath given to them that obey him."
ῥῆμα,G4487,Act,6,11,9,ῥήματα,N-APN,Accusative,Plural,Neuter,"Then they suborned men, which said, We have heard him speak blasphemous words against Moses, and against God."
ῥῆμα,G4487,Act,6,13,12,ῥήματα,N-APN,Accusative,Plural,Neuter,"And set up false witnesses, which said, This man ceaseth not to speak blasphemous words against this holy place, and the law:"
ῥῆμα,G4487,Act,10,22,32,ῥήματα,N-APN,Accusative,Plural,Neuter,"And they said, Cornelius the centurion, a just man, and one that feareth God, and of good report among all the nation of the Jews, was warned from God by an holy angel to send for thee into his house, and to hear words of thee."
ῥῆμα,G4487,Act,10,37,5,ῥῆμα,N-ASN,Accusative,Singular,Neuter,"That word, I say, ye know, which was published throughout all Judea, and began from Galilee, after the baptism which John preached;"
ῥῆμα,G4487,Act,10,44,6,ῥήματα,N-APN,Accusative,Plural,Neuter,"While Peter yet spake these words, the Holy Ghost fell on all them which heard the word."
ῥῆμα,G4487,Act,11,14,3,ῥήματα,N-APN,Accusative,Plural,Neuter,"Who shall tell thee words, whereby thou and all thy house shall be saved."
ῥῆμα,G4487,Act,11,16,4,ῥήματος,N-GSN,Genitive,Singular,Neuter,"Then remembered I the word of the Lord, how that he said, John indeed baptized with water; but ye shall be baptized with the Holy Ghost."
ῥῆμα,G4487,Act,13,42,19,ῥήματα,N-APN,Accusative,Plural,Neuter,"And when the Jews were gone out of the synagogue, the Gentiles besought that these words might be preached to them the next sabbath."
ῥῆμα,G4487,Act,16,38,8,ῥήματα,N-APN,Accusative,Plural,Neuter,"And the serjeants told these words unto the magistrates: and they feared, when they heard that they were Romans."
ῥῆμα,G4487,Act,26,25,13,ῥήματα,N-APN,Accusative,Plural,Neuter,"But he said, I am not mad, most noble Festus; but speak forth the words of truth and soberness."
ῥῆμα,G4487,Act,28,25,10,ῥῆμα,N-ASN,Accusative,Singular,Neuter,"And when they agreed not among themselves, they departed, after that Paul had spoken one word, Well spake the Holy Ghost by Esaias the prophet unto our fathers,"
ῥῆμα,G4487,Rom,10,8,7,ῥῆμά,N-NSN,Nominative,Singular,Neuter,"But what saith it? The word is nigh thee, even in thy mouth, and in thy heart: that is, the word of faith, which we preach;"
ῥῆμα,G4487,Rom,10,8,21,ῥῆμα,N-NSN,Nominative,Singular,Neuter,"But what saith it? The word is nigh thee, even in thy mouth, and in thy heart: that is, the word of faith, which we preach;"
ῥῆμα,G4487,Rom,10,9,5,ῥῆμα,N-ASN,Accusative,Singular,Neuter,"That if thou shalt confess with thy mouth the Lord Jesus, and shalt believe in thine heart that God hath raised him from the dead, thou shalt be saved."
ῥῆμα,G4487,Rom,10,17,10,ῥήματος,N-GSN,Genitive,Singular,Neuter,"So then faith cometh by hearing, and hearing by the word of God."
ῥῆμα,G4487,Rom,10,18,22,ῥήματα,N-NPN,Nominative,Plural,Neuter,"But I say, Have they not heard? Yes verily, their sound went into all the earth, and their words unto the ends of the world."
ῥῆμα,G4487,2Co,12,4,9,ῥήματα,N-APN,Accusative,Plural,Neuter,"How that he was caught up into paradise, and heard unspeakable words, which it is not lawful for a man to utter."
ῥῆμα,G4487,2Co,13,1,14,ῥῆμα.,N-NSN,Nominative,Singular,Neuter,This is the third time I am coming to you. In the mouth of two or three witnesses shall every word be established.
ῥῆμα,G4487,Eph,5,26,10,"ῥήματι,",N-DSN,Dative,Singular,Neuter,"That he might sanctify and cleanse it with the washing of water by the word,"
ῥῆμα,G4487,Eph,6,17,14,ῥῆμα,N-NSN,Nominative,Singular,Neuter,"And take the helmet of salvation, and the sword of the Spirit, which is the word of God:"
ῥῆμα,G4487,Heb,1,3,16,ῥήματι,N-DSN,Dative,Singular,Neuter,"Who being the brightness of his glory, and the express image of his person, and upholding all things by the word of his power, when he had by himself purged our sins, sat down on the right hand of the Majesty on high;"
ῥῆμα,G4487,Heb,6,5,5,"ῥῆμα,",N-ASN,Accusative,Singular,Neuter,"And have tasted the good word of God, and the powers of the world to come,"
ῥῆμα,G4487,Heb,11,3,6,ῥήματι,N-DSN,Dative,Singular,Neuter,"Through faith we understand that the worlds were framed by the word of God, so that things which are seen were not made of things which do appear."
ῥῆμα,G4487,Heb,12,19,6,"ῥημάτων,",N-GPN,Genitive,Plural,Neuter,"And the sound of a trumpet, and the voice of words; which voice they that heard intreated that the word should not be spoken to them any more:"
ῥῆμα,G4487,1Pe,1,25,3,ῥῆμα,N-NSN,Nominative,Singular,Neuter,But the word of the Lord endureth for ever. And this is the word which by the gospel is preached unto you.
ῥῆμα,G4487,1Pe,1,25,13,ῥῆμα,N-NSN,Nominative,Singular,Neuter,But the word of the Lord endureth for ever. And this is the word which by the gospel is preached unto you.
ῥῆμα,G4487,2Pe,3,2,4,ῥημάτων,N-GPN,Genitive,Plural,Neuter,"That ye may be mindful of the words which were spoken before by the holy prophets, and of the commandment of us the apostles of the Lord and Saviour:"
ῥῆμα,G4487,Jud,1,17,6,ῥημάτων,N-GPN,Genitive,Plural,Neuter,"But, beloved, remember ye the words which were spoken before of the apostles of our Lord Jesus Christ;"
