corpus,term,strongs,gloss,book,chapter,verse
NT,ἀλείφω,G0218,anoint (physical/ceremonial),Mat,6,17
NT,ἀλείφω,G0218,anoint (physical/ceremonial),Mrk,6,13
NT,ἀλείφω,G0218,anoint (physical/ceremonial),Mrk,16,1
NT,ἀλείφω,G0218,anoint (physical/ceremonial),Luk,7,38
NT,ἀλείφω,G0218,anoint (physical/ceremonial),Luk,7,46
NT,ἀλείφω,G0218,anoint (physical/ceremonial),Jhn,11,2
NT,ἀλείφω,G0218,anoint (physical/ceremonial),Jhn,12,3
NT,ἀλείφω,G0218,anoint (physical/ceremonial),Jas,5,14
NT,χρίω,G5548,anoint (consecrate/commission),Luk,4,18
NT,χρίω,G5548,anoint (consecrate/commission),Act,4,27
NT,χρίω,G5548,anoint (consecrate/commission),Act,10,38
NT,χρίω,G5548,anoint (consecrate/commission),2Co,1,21
NT,χρίω,G5548,anoint (consecrate/commission),Heb,1,9
NT,ἐπιχρίω,G2025,rub on / spread on,Jhn,9,6
NT,ἐπιχρίω,G2025,rub on / spread on,Jhn,9,11
NT,ἐγχρίω,G1472,anoint (imperative sense),Rev,3,18
NT,μυρίζω,G3462,anoint with myrrh/ointment,Mrk,14,8
NT,χρῖσμα,G5545,anointing (noun — the gift/act),1Jn,2,20
NT,χρῖσμα,G5545,anointing (noun — the gift/act),1Jn,2,27
NT,χριστός,G5547,Christ / Anointed One,Mat,1,1
NT,χριστός,G5547,Christ / Anointed One,Mat,1,16
NT,χριστός,G5547,Christ / Anointed One,Mat,1,17
NT,χριστός,G5547,Christ / Anointed One,Mat,1,18
NT,χριστός,G5547,Christ / Anointed One,Mat,2,4
NT,χριστός,G5547,Christ / Anointed One,Mat,11,2
NT,χριστός,G5547,Christ / Anointed One,Mat,16,16
NT,χριστός,G5547,Christ / Anointed One,Mat,16,20
NT,χριστός,G5547,Christ / Anointed One,Mat,16,21
NT,χριστός,G5547,Christ / Anointed One,Mat,22,42
NT,χριστός,G5547,Christ / Anointed One,Mat,23,8
NT,χριστός,G5547,Christ / Anointed One,Mat,23,10
NT,χριστός,G5547,Christ / Anointed One,Mat,24,5
NT,χριστός,G5547,Christ / Anointed One,Mat,24,23
NT,χριστός,G5547,Christ / Anointed One,Mat,26,63
NT,χριστός,G5547,Christ / Anointed One,Mat,26,68
NT,χριστός,G5547,Christ / Anointed One,Mat,27,17
NT,χριστός,G5547,Christ / Anointed One,Mat,27,22
NT,χριστός,G5547,Christ / Anointed One,Mrk,1,1
NT,χριστός,G5547,Christ / Anointed One,Mrk,1,34
NT,χριστός,G5547,Christ / Anointed One,Mrk,8,29
NT,χριστός,G5547,Christ / Anointed One,Mrk,9,41
NT,χριστός,G5547,Christ / Anointed One,Mrk,12,35
NT,χριστός,G5547,Christ / Anointed One,Mrk,13,21
NT,χριστός,G5547,Christ / Anointed One,Mrk,14,61
NT,χριστός,G5547,Christ / Anointed One,Mrk,15,32
NT,χριστός,G5547,Christ / Anointed One,Luk,2,11
NT,χριστός,G5547,Christ / Anointed One,Luk,2,26
NT,χριστός,G5547,Christ / Anointed One,Luk,3,15
NT,χριστός,G5547,Christ / Anointed One,Luk,4,41
NT,χριστός,G5547,Christ / Anointed One,Luk,9,20
NT,χριστός,G5547,Christ / Anointed One,Luk,20,41
NT,χριστός,G5547,Christ / Anointed One,Luk,22,67
NT,χριστός,G5547,Christ / Anointed One,Luk,23,2
NT,χριστός,G5547,Christ / Anointed One,Luk,23,35
NT,χριστός,G5547,Christ / Anointed One,Luk,23,39
NT,χριστός,G5547,Christ / Anointed One,Luk,24,26
NT,χριστός,G5547,Christ / Anointed One,Luk,24,46
NT,χριστός,G5547,Christ / Anointed One,Jhn,1,17
NT,χριστός,G5547,Christ / Anointed One,Jhn,1,20
NT,χριστός,G5547,Christ / Anointed One,Jhn,1,25
NT,χριστός,G5547,Christ / Anointed One,Jhn,1,41
NT,χριστός,G5547,Christ / Anointed One,Jhn,3,28
NT,χριστός,G5547,Christ / Anointed One,Jhn,4,25
NT,χριστός,G5547,Christ / Anointed One,Jhn,4,29
NT,χριστός,G5547,Christ / Anointed One,Jhn,4,42
NT,χριστός,G5547,Christ / Anointed One,Jhn,6,69
NT,χριστός,G5547,Christ / Anointed One,Jhn,7,26
NT,χριστός,G5547,Christ / Anointed One,Jhn,7,27
NT,χριστός,G5547,Christ / Anointed One,Jhn,7,31
NT,χριστός,G5547,Christ / Anointed One,Jhn,7,41
NT,χριστός,G5547,Christ / Anointed One,Jhn,7,42
NT,χριστός,G5547,Christ / Anointed One,Jhn,9,22
NT,χριστός,G5547,Christ / Anointed One,Jhn,10,24
NT,χριστός,G5547,Christ / Anointed One,Jhn,11,27
NT,χριστός,G5547,Christ / Anointed One,Jhn,12,34
NT,χριστός,G5547,Christ / Anointed One,Jhn,17,3
NT,χριστός,G5547,Christ / Anointed One,Jhn,20,31
NT,χριστός,G5547,Christ / Anointed One,Act,2,30
NT,χριστός,G5547,Christ / Anointed One,Act,2,31
NT,χριστός,G5547,Christ / Anointed One,Act,2,36
NT,χριστός,G5547,Christ / Anointed One,Act,2,38
NT,χριστός,G5547,Christ / Anointed One,Act,3,6
NT,χριστός,G5547,Christ / Anointed One,Act,3,18
NT,χριστός,G5547,Christ / Anointed One,Act,3,20
NT,χριστός,G5547,Christ / Anointed One,Act,4,10
NT,χριστός,G5547,Christ / Anointed One,Act,4,26
NT,χριστός,G5547,Christ / Anointed One,Act,5,42
NT,χριστός,G5547,Christ / Anointed One,Act,8,5
NT,χριστός,G5547,Christ / Anointed One,Act,8,12
NT,χριστός,G5547,Christ / Anointed One,Act,8,37
NT,χριστός,G5547,Christ / Anointed One,Act,9,22
NT,χριστός,G5547,Christ / Anointed One,Act,9,34
NT,χριστός,G5547,Christ / Anointed One,Act,10,36
NT,χριστός,G5547,Christ / Anointed One,Act,10,48
NT,χριστός,G5547,Christ / Anointed One,Act,11,17
NT,χριστός,G5547,Christ / Anointed One,Act,15,11
NT,χριστός,G5547,Christ / Anointed One,Act,15,26
NT,χριστός,G5547,Christ / Anointed One,Act,16,18
NT,χριστός,G5547,Christ / Anointed One,Act,16,31
NT,χριστός,G5547,Christ / Anointed One,Act,17,3
NT,χριστός,G5547,Christ / Anointed One,Act,18,5
NT,χριστός,G5547,Christ / Anointed One,Act,18,28
NT,χριστός,G5547,Christ / Anointed One,Act,19,4
NT,χριστός,G5547,Christ / Anointed One,Act,20,21
NT,χριστός,G5547,Christ / Anointed One,Act,24,24
NT,χριστός,G5547,Christ / Anointed One,Act,26,23
NT,χριστός,G5547,Christ / Anointed One,Act,28,31
NT,χριστός,G5547,Christ / Anointed One,Rom,1,1
NT,χριστός,G5547,Christ / Anointed One,Rom,1,4
NT,χριστός,G5547,Christ / Anointed One,Rom,1,6
NT,χριστός,G5547,Christ / Anointed One,Rom,1,7
NT,χριστός,G5547,Christ / Anointed One,Rom,1,8
NT,χριστός,G5547,Christ / Anointed One,Rom,1,16
NT,χριστός,G5547,Christ / Anointed One,Rom,2,16
NT,χριστός,G5547,Christ / Anointed One,Rom,3,22
NT,χριστός,G5547,Christ / Anointed One,Rom,3,24
NT,χριστός,G5547,Christ / Anointed One,Rom,5,1
NT,χριστός,G5547,Christ / Anointed One,Rom,5,6
NT,χριστός,G5547,Christ / Anointed One,Rom,5,8
NT,χριστός,G5547,Christ / Anointed One,Rom,5,11
NT,χριστός,G5547,Christ / Anointed One,Rom,5,15
NT,χριστός,G5547,Christ / Anointed One,Rom,5,17
NT,χριστός,G5547,Christ / Anointed One,Rom,5,21
NT,χριστός,G5547,Christ / Anointed One,Rom,6,3
NT,χριστός,G5547,Christ / Anointed One,Rom,6,4
NT,χριστός,G5547,Christ / Anointed One,Rom,6,8
NT,χριστός,G5547,Christ / Anointed One,Rom,6,9
NT,χριστός,G5547,Christ / Anointed One,Rom,6,11
NT,χριστός,G5547,Christ / Anointed One,Rom,6,23
NT,χριστός,G5547,Christ / Anointed One,Rom,7,4
NT,χριστός,G5547,Christ / Anointed One,Rom,7,25
NT,χριστός,G5547,Christ / Anointed One,Rom,8,1
NT,χριστός,G5547,Christ / Anointed One,Rom,8,2
NT,χριστός,G5547,Christ / Anointed One,Rom,8,9
NT,χριστός,G5547,Christ / Anointed One,Rom,8,10
NT,χριστός,G5547,Christ / Anointed One,Rom,8,11
NT,χριστός,G5547,Christ / Anointed One,Rom,8,17
NT,χριστός,G5547,Christ / Anointed One,Rom,8,34
NT,χριστός,G5547,Christ / Anointed One,Rom,8,35
NT,χριστός,G5547,Christ / Anointed One,Rom,8,39
NT,χριστός,G5547,Christ / Anointed One,Rom,9,1
NT,χριστός,G5547,Christ / Anointed One,Rom,9,3
NT,χριστός,G5547,Christ / Anointed One,Rom,9,5
NT,χριστός,G5547,Christ / Anointed One,Rom,10,4
NT,χριστός,G5547,Christ / Anointed One,Rom,10,6
NT,χριστός,G5547,Christ / Anointed One,Rom,10,7
NT,χριστός,G5547,Christ / Anointed One,Rom,10,17
NT,χριστός,G5547,Christ / Anointed One,Rom,12,5
NT,χριστός,G5547,Christ / Anointed One,Rom,13,14
NT,χριστός,G5547,Christ / Anointed One,Rom,14,9
NT,χριστός,G5547,Christ / Anointed One,Rom,14,15
NT,χριστός,G5547,Christ / Anointed One,Rom,14,18
NT,χριστός,G5547,Christ / Anointed One,Rom,15,3
NT,χριστός,G5547,Christ / Anointed One,Rom,15,5
NT,χριστός,G5547,Christ / Anointed One,Rom,15,6
NT,χριστός,G5547,Christ / Anointed One,Rom,15,7
NT,χριστός,G5547,Christ / Anointed One,Rom,15,8
NT,χριστός,G5547,Christ / Anointed One,Rom,15,16
NT,χριστός,G5547,Christ / Anointed One,Rom,15,17
NT,χριστός,G5547,Christ / Anointed One,Rom,15,18
NT,χριστός,G5547,Christ / Anointed One,Rom,15,19
NT,χριστός,G5547,Christ / Anointed One,Rom,15,20
NT,χριστός,G5547,Christ / Anointed One,Rom,15,29
NT,χριστός,G5547,Christ / Anointed One,Rom,15,30
NT,χριστός,G5547,Christ / Anointed One,Rom,16,3
NT,χριστός,G5547,Christ / Anointed One,Rom,16,5
NT,χριστός,G5547,Christ / Anointed One,Rom,16,7
NT,χριστός,G5547,Christ / Anointed One,Rom,16,9
NT,χριστός,G5547,Christ / Anointed One,Rom,16,10
NT,χριστός,G5547,Christ / Anointed One,Rom,16,16
NT,χριστός,G5547,Christ / Anointed One,Rom,16,18
NT,χριστός,G5547,Christ / Anointed One,Rom,16,20
NT,χριστός,G5547,Christ / Anointed One,Rom,16,24
NT,χριστός,G5547,Christ / Anointed One,1Co,1,1
NT,χριστός,G5547,Christ / Anointed One,1Co,1,2
NT,χριστός,G5547,Christ / Anointed One,1Co,1,3
NT,χριστός,G5547,Christ / Anointed One,1Co,1,4
NT,χριστός,G5547,Christ / Anointed One,1Co,1,6
NT,χριστός,G5547,Christ / Anointed One,1Co,1,7
NT,χριστός,G5547,Christ / Anointed One,1Co,1,8
NT,χριστός,G5547,Christ / Anointed One,1Co,1,9
NT,χριστός,G5547,Christ / Anointed One,1Co,1,10
NT,χριστός,G5547,Christ / Anointed One,1Co,1,12
NT,χριστός,G5547,Christ / Anointed One,1Co,1,13
NT,χριστός,G5547,Christ / Anointed One,1Co,1,17
NT,χριστός,G5547,Christ / Anointed One,1Co,1,23
NT,χριστός,G5547,Christ / Anointed One,1Co,1,24
NT,χριστός,G5547,Christ / Anointed One,1Co,1,30
NT,χριστός,G5547,Christ / Anointed One,1Co,2,2
NT,χριστός,G5547,Christ / Anointed One,1Co,2,16
NT,χριστός,G5547,Christ / Anointed One,1Co,3,1
NT,χριστός,G5547,Christ / Anointed One,1Co,3,11
NT,χριστός,G5547,Christ / Anointed One,1Co,3,23
NT,χριστός,G5547,Christ / Anointed One,1Co,4,1
NT,χριστός,G5547,Christ / Anointed One,1Co,4,10
NT,χριστός,G5547,Christ / Anointed One,1Co,4,15
NT,χριστός,G5547,Christ / Anointed One,1Co,4,17
NT,χριστός,G5547,Christ / Anointed One,1Co,5,4
NT,χριστός,G5547,Christ / Anointed One,1Co,5,7
NT,χριστός,G5547,Christ / Anointed One,1Co,6,11
NT,χριστός,G5547,Christ / Anointed One,1Co,6,15
NT,χριστός,G5547,Christ / Anointed One,1Co,7,22
NT,χριστός,G5547,Christ / Anointed One,1Co,8,6
NT,χριστός,G5547,Christ / Anointed One,1Co,8,11
NT,χριστός,G5547,Christ / Anointed One,1Co,8,12
NT,χριστός,G5547,Christ / Anointed One,1Co,9,1
NT,χριστός,G5547,Christ / Anointed One,1Co,9,12
NT,χριστός,G5547,Christ / Anointed One,1Co,9,18
NT,χριστός,G5547,Christ / Anointed One,1Co,9,21
NT,χριστός,G5547,Christ / Anointed One,1Co,10,4
NT,χριστός,G5547,Christ / Anointed One,1Co,10,9
NT,χριστός,G5547,Christ / Anointed One,1Co,10,16
NT,χριστός,G5547,Christ / Anointed One,1Co,11,1
NT,χριστός,G5547,Christ / Anointed One,1Co,11,3
NT,χριστός,G5547,Christ / Anointed One,1Co,12,12
NT,χριστός,G5547,Christ / Anointed One,1Co,12,27
NT,χριστός,G5547,Christ / Anointed One,1Co,15,3
NT,χριστός,G5547,Christ / Anointed One,1Co,15,12
NT,χριστός,G5547,Christ / Anointed One,1Co,15,13
NT,χριστός,G5547,Christ / Anointed One,1Co,15,14
NT,χριστός,G5547,Christ / Anointed One,1Co,15,15
NT,χριστός,G5547,Christ / Anointed One,1Co,15,16
NT,χριστός,G5547,Christ / Anointed One,1Co,15,17
NT,χριστός,G5547,Christ / Anointed One,1Co,15,18
NT,χριστός,G5547,Christ / Anointed One,1Co,15,19
NT,χριστός,G5547,Christ / Anointed One,1Co,15,20
NT,χριστός,G5547,Christ / Anointed One,1Co,15,22
NT,χριστός,G5547,Christ / Anointed One,1Co,15,23
NT,χριστός,G5547,Christ / Anointed One,1Co,15,31
NT,χριστός,G5547,Christ / Anointed One,1Co,15,57
NT,χριστός,G5547,Christ / Anointed One,1Co,16,22
NT,χριστός,G5547,Christ / Anointed One,1Co,16,23
NT,χριστός,G5547,Christ / Anointed One,1Co,16,24
NT,χριστός,G5547,Christ / Anointed One,2Co,1,1
NT,χριστός,G5547,Christ / Anointed One,2Co,1,2
NT,χριστός,G5547,Christ / Anointed One,2Co,1,3
NT,χριστός,G5547,Christ / Anointed One,2Co,1,5
NT,χριστός,G5547,Christ / Anointed One,2Co,1,19
NT,χριστός,G5547,Christ / Anointed One,2Co,1,21
NT,χριστός,G5547,Christ / Anointed One,2Co,2,10
NT,χριστός,G5547,Christ / Anointed One,2Co,2,12
NT,χριστός,G5547,Christ / Anointed One,2Co,2,14
NT,χριστός,G5547,Christ / Anointed One,2Co,2,15
NT,χριστός,G5547,Christ / Anointed One,2Co,2,17
NT,χριστός,G5547,Christ / Anointed One,2Co,3,3
NT,χριστός,G5547,Christ / Anointed One,2Co,3,4
NT,χριστός,G5547,Christ / Anointed One,2Co,3,14
NT,χριστός,G5547,Christ / Anointed One,2Co,4,4
NT,χριστός,G5547,Christ / Anointed One,2Co,4,5
NT,χριστός,G5547,Christ / Anointed One,2Co,4,6
NT,χριστός,G5547,Christ / Anointed One,2Co,5,10
NT,χριστός,G5547,Christ / Anointed One,2Co,5,14
NT,χριστός,G5547,Christ / Anointed One,2Co,5,16
NT,χριστός,G5547,Christ / Anointed One,2Co,5,17
NT,χριστός,G5547,Christ / Anointed One,2Co,5,18
NT,χριστός,G5547,Christ / Anointed One,2Co,5,19
NT,χριστός,G5547,Christ / Anointed One,2Co,5,20
NT,χριστός,G5547,Christ / Anointed One,2Co,6,15
NT,χριστός,G5547,Christ / Anointed One,2Co,8,9
NT,χριστός,G5547,Christ / Anointed One,2Co,8,23
NT,χριστός,G5547,Christ / Anointed One,2Co,9,13
NT,χριστός,G5547,Christ / Anointed One,2Co,10,1
NT,χριστός,G5547,Christ / Anointed One,2Co,10,5
NT,χριστός,G5547,Christ / Anointed One,2Co,10,7
NT,χριστός,G5547,Christ / Anointed One,2Co,10,14
NT,χριστός,G5547,Christ / Anointed One,2Co,11,2
NT,χριστός,G5547,Christ / Anointed One,2Co,11,3
NT,χριστός,G5547,Christ / Anointed One,2Co,11,10
NT,χριστός,G5547,Christ / Anointed One,2Co,11,13
NT,χριστός,G5547,Christ / Anointed One,2Co,11,23
NT,χριστός,G5547,Christ / Anointed One,2Co,11,31
NT,χριστός,G5547,Christ / Anointed One,2Co,12,2
NT,χριστός,G5547,Christ / Anointed One,2Co,12,9
NT,χριστός,G5547,Christ / Anointed One,2Co,12,10
NT,χριστός,G5547,Christ / Anointed One,2Co,12,19
NT,χριστός,G5547,Christ / Anointed One,2Co,13,3
NT,χριστός,G5547,Christ / Anointed One,2Co,13,5
NT,χριστός,G5547,Christ / Anointed One,Gal,1,1
NT,χριστός,G5547,Christ / Anointed One,Gal,1,3
NT,χριστός,G5547,Christ / Anointed One,Gal,1,6
NT,χριστός,G5547,Christ / Anointed One,Gal,1,7
NT,χριστός,G5547,Christ / Anointed One,Gal,1,10
NT,χριστός,G5547,Christ / Anointed One,Gal,1,12
NT,χριστός,G5547,Christ / Anointed One,Gal,1,22
NT,χριστός,G5547,Christ / Anointed One,Gal,2,4
NT,χριστός,G5547,Christ / Anointed One,Gal,2,16
NT,χριστός,G5547,Christ / Anointed One,Gal,2,17
NT,χριστός,G5547,Christ / Anointed One,Gal,2,20
NT,χριστός,G5547,Christ / Anointed One,Gal,2,21
NT,χριστός,G5547,Christ / Anointed One,Gal,3,1
NT,χριστός,G5547,Christ / Anointed One,Gal,3,13
NT,χριστός,G5547,Christ / Anointed One,Gal,3,14
NT,χριστός,G5547,Christ / Anointed One,Gal,3,16
NT,χριστός,G5547,Christ / Anointed One,Gal,3,17
NT,χριστός,G5547,Christ / Anointed One,Gal,3,22
NT,χριστός,G5547,Christ / Anointed One,Gal,3,24
NT,χριστός,G5547,Christ / Anointed One,Gal,3,26
NT,χριστός,G5547,Christ / Anointed One,Gal,3,27
NT,χριστός,G5547,Christ / Anointed One,Gal,3,28
NT,χριστός,G5547,Christ / Anointed One,Gal,3,29
NT,χριστός,G5547,Christ / Anointed One,Gal,4,7
NT,χριστός,G5547,Christ / Anointed One,Gal,4,14
NT,χριστός,G5547,Christ / Anointed One,Gal,4,19
NT,χριστός,G5547,Christ / Anointed One,Gal,5,1
NT,χριστός,G5547,Christ / Anointed One,Gal,5,2
NT,χριστός,G5547,Christ / Anointed One,Gal,5,4
NT,χριστός,G5547,Christ / Anointed One,Gal,5,6
NT,χριστός,G5547,Christ / Anointed One,Gal,5,24
NT,χριστός,G5547,Christ / Anointed One,Gal,6,2
NT,χριστός,G5547,Christ / Anointed One,Gal,6,12
NT,χριστός,G5547,Christ / Anointed One,Gal,6,14
NT,χριστός,G5547,Christ / Anointed One,Gal,6,15
NT,χριστός,G5547,Christ / Anointed One,Gal,6,18
NT,χριστός,G5547,Christ / Anointed One,Eph,1,1
NT,χριστός,G5547,Christ / Anointed One,Eph,1,2
NT,χριστός,G5547,Christ / Anointed One,Eph,1,3
NT,χριστός,G5547,Christ / Anointed One,Eph,1,5
NT,χριστός,G5547,Christ / Anointed One,Eph,1,10
NT,χριστός,G5547,Christ / Anointed One,Eph,1,12
NT,χριστός,G5547,Christ / Anointed One,Eph,1,17
NT,χριστός,G5547,Christ / Anointed One,Eph,1,20
NT,χριστός,G5547,Christ / Anointed One,Eph,2,5
NT,χριστός,G5547,Christ / Anointed One,Eph,2,6
NT,χριστός,G5547,Christ / Anointed One,Eph,2,7
NT,χριστός,G5547,Christ / Anointed One,Eph,2,10
NT,χριστός,G5547,Christ / Anointed One,Eph,2,12
NT,χριστός,G5547,Christ / Anointed One,Eph,2,13
NT,χριστός,G5547,Christ / Anointed One,Eph,2,20
NT,χριστός,G5547,Christ / Anointed One,Eph,3,1
NT,χριστός,G5547,Christ / Anointed One,Eph,3,4
NT,χριστός,G5547,Christ / Anointed One,Eph,3,6
NT,χριστός,G5547,Christ / Anointed One,Eph,3,8
NT,χριστός,G5547,Christ / Anointed One,Eph,3,9
NT,χριστός,G5547,Christ / Anointed One,Eph,3,11
NT,χριστός,G5547,Christ / Anointed One,Eph,3,14
NT,χριστός,G5547,Christ / Anointed One,Eph,3,17
NT,χριστός,G5547,Christ / Anointed One,Eph,3,19
NT,χριστός,G5547,Christ / Anointed One,Eph,3,21
NT,χριστός,G5547,Christ / Anointed One,Eph,4,7
NT,χριστός,G5547,Christ / Anointed One,Eph,4,12
NT,χριστός,G5547,Christ / Anointed One,Eph,4,13
NT,χριστός,G5547,Christ / Anointed One,Eph,4,15
NT,χριστός,G5547,Christ / Anointed One,Eph,4,20
NT,χριστός,G5547,Christ / Anointed One,Eph,4,32
NT,χριστός,G5547,Christ / Anointed One,Eph,5,2
NT,χριστός,G5547,Christ / Anointed One,Eph,5,5
NT,χριστός,G5547,Christ / Anointed One,Eph,5,14
NT,χριστός,G5547,Christ / Anointed One,Eph,5,20
NT,χριστός,G5547,Christ / Anointed One,Eph,5,21
NT,χριστός,G5547,Christ / Anointed One,Eph,5,23
NT,χριστός,G5547,Christ / Anointed One,Eph,5,24
NT,χριστός,G5547,Christ / Anointed One,Eph,5,25
NT,χριστός,G5547,Christ / Anointed One,Eph,5,29
NT,χριστός,G5547,Christ / Anointed One,Eph,5,32
NT,χριστός,G5547,Christ / Anointed One,Eph,6,5
NT,χριστός,G5547,Christ / Anointed One,Eph,6,6
NT,χριστός,G5547,Christ / Anointed One,Eph,6,23
NT,χριστός,G5547,Christ / Anointed One,Eph,6,24
NT,χριστός,G5547,Christ / Anointed One,Php,1,1
NT,χριστός,G5547,Christ / Anointed One,Php,1,2
NT,χριστός,G5547,Christ / Anointed One,Php,1,6
NT,χριστός,G5547,Christ / Anointed One,Php,1,8
NT,χριστός,G5547,Christ / Anointed One,Php,1,10
NT,χριστός,G5547,Christ / Anointed One,Php,1,11
NT,χριστός,G5547,Christ / Anointed One,Php,1,13
NT,χριστός,G5547,Christ / Anointed One,Php,1,15
NT,χριστός,G5547,Christ / Anointed One,Php,1,18
NT,χριστός,G5547,Christ / Anointed One,Php,1,19
NT,χριστός,G5547,Christ / Anointed One,Php,1,20
NT,χριστός,G5547,Christ / Anointed One,Php,1,21
NT,χριστός,G5547,Christ / Anointed One,Php,1,23
NT,χριστός,G5547,Christ / Anointed One,Php,1,26
NT,χριστός,G5547,Christ / Anointed One,Php,1,27
NT,χριστός,G5547,Christ / Anointed One,Php,1,29
NT,χριστός,G5547,Christ / Anointed One,Php,2,1
NT,χριστός,G5547,Christ / Anointed One,Php,2,5
NT,χριστός,G5547,Christ / Anointed One,Php,2,11
NT,χριστός,G5547,Christ / Anointed One,Php,2,16
NT,χριστός,G5547,Christ / Anointed One,Php,2,21
NT,χριστός,G5547,Christ / Anointed One,Php,2,30
NT,χριστός,G5547,Christ / Anointed One,Php,3,3
NT,χριστός,G5547,Christ / Anointed One,Php,3,7
NT,χριστός,G5547,Christ / Anointed One,Php,3,8
NT,χριστός,G5547,Christ / Anointed One,Php,3,9
NT,χριστός,G5547,Christ / Anointed One,Php,3,12
NT,χριστός,G5547,Christ / Anointed One,Php,3,14
NT,χριστός,G5547,Christ / Anointed One,Php,3,18
NT,χριστός,G5547,Christ / Anointed One,Php,3,20
NT,χριστός,G5547,Christ / Anointed One,Php,4,7
NT,χριστός,G5547,Christ / Anointed One,Php,4,13
NT,χριστός,G5547,Christ / Anointed One,Php,4,19
NT,χριστός,G5547,Christ / Anointed One,Php,4,21
NT,χριστός,G5547,Christ / Anointed One,Php,4,23
NT,χριστός,G5547,Christ / Anointed One,Col,1,1
NT,χριστός,G5547,Christ / Anointed One,Col,1,2
NT,χριστός,G5547,Christ / Anointed One,Col,1,3
NT,χριστός,G5547,Christ / Anointed One,Col,1,4
NT,χριστός,G5547,Christ / Anointed One,Col,1,7
NT,χριστός,G5547,Christ / Anointed One,Col,1,24
NT,χριστός,G5547,Christ / Anointed One,Col,1,27
NT,χριστός,G5547,Christ / Anointed One,Col,1,28
NT,χριστός,G5547,Christ / Anointed One,Col,2,2
NT,χριστός,G5547,Christ / Anointed One,Col,2,5
NT,χριστός,G5547,Christ / Anointed One,Col,2,6
NT,χριστός,G5547,Christ / Anointed One,Col,2,8
NT,χριστός,G5547,Christ / Anointed One,Col,2,11
NT,χριστός,G5547,Christ / Anointed One,Col,2,17
NT,χριστός,G5547,Christ / Anointed One,Col,2,20
NT,χριστός,G5547,Christ / Anointed One,Col,3,1
NT,χριστός,G5547,Christ / Anointed One,Col,3,3
NT,χριστός,G5547,Christ / Anointed One,Col,3,4
NT,χριστός,G5547,Christ / Anointed One,Col,3,11
NT,χριστός,G5547,Christ / Anointed One,Col,3,15
NT,χριστός,G5547,Christ / Anointed One,Col,3,16
NT,χριστός,G5547,Christ / Anointed One,Col,3,24
NT,χριστός,G5547,Christ / Anointed One,Col,4,3
NT,χριστός,G5547,Christ / Anointed One,Col,4,12
NT,χριστός,G5547,Christ / Anointed One,1Th,1,1
NT,χριστός,G5547,Christ / Anointed One,1Th,1,3
NT,χριστός,G5547,Christ / Anointed One,1Th,2,14
NT,χριστός,G5547,Christ / Anointed One,1Th,2,19
NT,χριστός,G5547,Christ / Anointed One,1Th,3,2
NT,χριστός,G5547,Christ / Anointed One,1Th,3,11
NT,χριστός,G5547,Christ / Anointed One,1Th,3,13
NT,χριστός,G5547,Christ / Anointed One,1Th,4,16
NT,χριστός,G5547,Christ / Anointed One,1Th,5,9
NT,χριστός,G5547,Christ / Anointed One,1Th,5,18
NT,χριστός,G5547,Christ / Anointed One,1Th,5,23
NT,χριστός,G5547,Christ / Anointed One,1Th,5,28
NT,χριστός,G5547,Christ / Anointed One,2Th,1,1
NT,χριστός,G5547,Christ / Anointed One,2Th,1,2
NT,χριστός,G5547,Christ / Anointed One,2Th,1,8
NT,χριστός,G5547,Christ / Anointed One,2Th,1,12
NT,χριστός,G5547,Christ / Anointed One,2Th,2,1
NT,χριστός,G5547,Christ / Anointed One,2Th,2,14
NT,χριστός,G5547,Christ / Anointed One,2Th,2,16
NT,χριστός,G5547,Christ / Anointed One,2Th,3,5
NT,χριστός,G5547,Christ / Anointed One,2Th,3,6
NT,χριστός,G5547,Christ / Anointed One,2Th,3,12
NT,χριστός,G5547,Christ / Anointed One,2Th,3,18
NT,χριστός,G5547,Christ / Anointed One,1Ti,1,1
NT,χριστός,G5547,Christ / Anointed One,1Ti,1,2
NT,χριστός,G5547,Christ / Anointed One,1Ti,1,12
NT,χριστός,G5547,Christ / Anointed One,1Ti,1,14
NT,χριστός,G5547,Christ / Anointed One,1Ti,1,15
NT,χριστός,G5547,Christ / Anointed One,1Ti,1,16
NT,χριστός,G5547,Christ / Anointed One,1Ti,2,5
NT,χριστός,G5547,Christ / Anointed One,1Ti,2,7
NT,χριστός,G5547,Christ / Anointed One,1Ti,3,13
NT,χριστός,G5547,Christ / Anointed One,1Ti,4,6
NT,χριστός,G5547,Christ / Anointed One,1Ti,5,11
NT,χριστός,G5547,Christ / Anointed One,1Ti,5,21
NT,χριστός,G5547,Christ / Anointed One,1Ti,6,3
NT,χριστός,G5547,Christ / Anointed One,1Ti,6,13
NT,χριστός,G5547,Christ / Anointed One,1Ti,6,14
NT,χριστός,G5547,Christ / Anointed One,2Ti,1,1
NT,χριστός,G5547,Christ / Anointed One,2Ti,1,2
NT,χριστός,G5547,Christ / Anointed One,2Ti,1,9
NT,χριστός,G5547,Christ / Anointed One,2Ti,1,10
NT,χριστός,G5547,Christ / Anointed One,2Ti,1,13
NT,χριστός,G5547,Christ / Anointed One,2Ti,2,1
NT,χριστός,G5547,Christ / Anointed One,2Ti,2,3
NT,χριστός,G5547,Christ / Anointed One,2Ti,2,8
NT,χριστός,G5547,Christ / Anointed One,2Ti,2,10
NT,χριστός,G5547,Christ / Anointed One,2Ti,3,12
NT,χριστός,G5547,Christ / Anointed One,2Ti,3,15
NT,χριστός,G5547,Christ / Anointed One,2Ti,4,1
NT,χριστός,G5547,Christ / Anointed One,2Ti,4,22
NT,χριστός,G5547,Christ / Anointed One,Tit,1,1
NT,χριστός,G5547,Christ / Anointed One,Tit,1,4
NT,χριστός,G5547,Christ / Anointed One,Tit,2,13
NT,χριστός,G5547,Christ / Anointed One,Tit,3,6
NT,χριστός,G5547,Christ / Anointed One,Phm,1,1
NT,χριστός,G5547,Christ / Anointed One,Phm,1,3
NT,χριστός,G5547,Christ / Anointed One,Phm,1,6
NT,χριστός,G5547,Christ / Anointed One,Phm,1,8
NT,χριστός,G5547,Christ / Anointed One,Phm,1,9
NT,χριστός,G5547,Christ / Anointed One,Phm,1,20
NT,χριστός,G5547,Christ / Anointed One,Phm,1,23
NT,χριστός,G5547,Christ / Anointed One,Phm,1,25
NT,χριστός,G5547,Christ / Anointed One,Heb,3,1
NT,χριστός,G5547,Christ / Anointed One,Heb,3,6
NT,χριστός,G5547,Christ / Anointed One,Heb,3,14
NT,χριστός,G5547,Christ / Anointed One,Heb,5,5
NT,χριστός,G5547,Christ / Anointed One,Heb,6,1
NT,χριστός,G5547,Christ / Anointed One,Heb,9,11
NT,χριστός,G5547,Christ / Anointed One,Heb,9,14
NT,χριστός,G5547,Christ / Anointed One,Heb,9,24
NT,χριστός,G5547,Christ / Anointed One,Heb,9,28
NT,χριστός,G5547,Christ / Anointed One,Heb,10,10
NT,χριστός,G5547,Christ / Anointed One,Heb,11,26
NT,χριστός,G5547,Christ / Anointed One,Heb,13,8
NT,χριστός,G5547,Christ / Anointed One,Heb,13,21
NT,χριστός,G5547,Christ / Anointed One,Jas,1,1
NT,χριστός,G5547,Christ / Anointed One,Jas,2,1
NT,χριστός,G5547,Christ / Anointed One,1Pe,1,1
NT,χριστός,G5547,Christ / Anointed One,1Pe,1,2
NT,χριστός,G5547,Christ / Anointed One,1Pe,1,3
NT,χριστός,G5547,Christ / Anointed One,1Pe,1,7
NT,χριστός,G5547,Christ / Anointed One,1Pe,1,11
NT,χριστός,G5547,Christ / Anointed One,1Pe,1,13
NT,χριστός,G5547,Christ / Anointed One,1Pe,1,19
NT,χριστός,G5547,Christ / Anointed One,1Pe,2,5
NT,χριστός,G5547,Christ / Anointed One,1Pe,2,21
NT,χριστός,G5547,Christ / Anointed One,1Pe,3,15
NT,χριστός,G5547,Christ / Anointed One,1Pe,3,16
NT,χριστός,G5547,Christ / Anointed One,1Pe,3,18
NT,χριστός,G5547,Christ / Anointed One,1Pe,3,21
NT,χριστός,G5547,Christ / Anointed One,1Pe,4,1
NT,χριστός,G5547,Christ / Anointed One,1Pe,4,11
NT,χριστός,G5547,Christ / Anointed One,1Pe,4,13
NT,χριστός,G5547,Christ / Anointed One,1Pe,4,14
NT,χριστός,G5547,Christ / Anointed One,1Pe,5,1
NT,χριστός,G5547,Christ / Anointed One,1Pe,5,10
NT,χριστός,G5547,Christ / Anointed One,1Pe,5,14
NT,χριστός,G5547,Christ / Anointed One,2Pe,1,1
NT,χριστός,G5547,Christ / Anointed One,2Pe,1,8
NT,χριστός,G5547,Christ / Anointed One,2Pe,1,11
NT,χριστός,G5547,Christ / Anointed One,2Pe,1,14
NT,χριστός,G5547,Christ / Anointed One,2Pe,1,16
NT,χριστός,G5547,Christ / Anointed One,2Pe,2,20
NT,χριστός,G5547,Christ / Anointed One,2Pe,3,18
NT,χριστός,G5547,Christ / Anointed One,1Jn,1,3
NT,χριστός,G5547,Christ / Anointed One,1Jn,1,7
NT,χριστός,G5547,Christ / Anointed One,1Jn,2,1
NT,χριστός,G5547,Christ / Anointed One,1Jn,2,22
NT,χριστός,G5547,Christ / Anointed One,1Jn,3,23
NT,χριστός,G5547,Christ / Anointed One,1Jn,4,2
NT,χριστός,G5547,Christ / Anointed One,1Jn,4,3
NT,χριστός,G5547,Christ / Anointed One,1Jn,4,15
NT,χριστός,G5547,Christ / Anointed One,1Jn,5,1
NT,χριστός,G5547,Christ / Anointed One,1Jn,5,6
NT,χριστός,G5547,Christ / Anointed One,1Jn,5,20
NT,χριστός,G5547,Christ / Anointed One,2Jn,1,3
NT,χριστός,G5547,Christ / Anointed One,2Jn,1,7
NT,χριστός,G5547,Christ / Anointed One,2Jn,1,9
NT,χριστός,G5547,Christ / Anointed One,Jud,1,1
NT,χριστός,G5547,Christ / Anointed One,Jud,1,4
NT,χριστός,G5547,Christ / Anointed One,Jud,1,17
NT,χριστός,G5547,Christ / Anointed One,Jud,1,21
NT,χριστός,G5547,Christ / Anointed One,Jud,1,25
NT,χριστός,G5547,Christ / Anointed One,Rev,1,1
NT,χριστός,G5547,Christ / Anointed One,Rev,1,2
NT,χριστός,G5547,Christ / Anointed One,Rev,1,5
NT,χριστός,G5547,Christ / Anointed One,Rev,1,9
NT,χριστός,G5547,Christ / Anointed One,Rev,11,15
NT,χριστός,G5547,Christ / Anointed One,Rev,12,10
NT,χριστός,G5547,Christ / Anointed One,Rev,12,17
NT,χριστός,G5547,Christ / Anointed One,Rev,20,4
NT,χριστός,G5547,Christ / Anointed One,Rev,20,6
NT,χριστός,G5547,Christ / Anointed One,Rev,22,21
NT,μύρον,G3464,myrrh / ointment / fragrant oil,Mat,26,7
NT,μύρον,G3464,myrrh / ointment / fragrant oil,Mat,26,9
NT,μύρον,G3464,myrrh / ointment / fragrant oil,Mat,26,12
NT,μύρον,G3464,myrrh / ointment / fragrant oil,Mrk,14,3
NT,μύρον,G3464,myrrh / ointment / fragrant oil,Mrk,14,4
NT,μύρον,G3464,myrrh / ointment / fragrant oil,Mrk,14,5
NT,μύρον,G3464,myrrh / ointment / fragrant oil,Luk,7,37
NT,μύρον,G3464,myrrh / ointment / fragrant oil,Luk,7,38
NT,μύρον,G3464,myrrh / ointment / fragrant oil,Luk,7,46
NT,μύρον,G3464,myrrh / ointment / fragrant oil,Luk,23,56
NT,μύρον,G3464,myrrh / ointment / fragrant oil,Jhn,11,2
NT,μύρον,G3464,myrrh / ointment / fragrant oil,Jhn,12,3
NT,μύρον,G3464,myrrh / ointment / fragrant oil,Jhn,12,5
NT,μύρον,G3464,myrrh / ointment / fragrant oil,Rev,18,13
LXX,χρίω,G5548,anoint (LXX),Exo,28,41
LXX,χρίω,G5548,anoint (LXX),Exo,29,2
LXX,χρίω,G5548,anoint (LXX),Exo,29,7
LXX,χρίω,G5548,anoint (LXX),Exo,29,29
LXX,χρίω,G5548,anoint (LXX),Exo,29,36
LXX,χρίω,G5548,anoint (LXX),Exo,30,26
LXX,χρίω,G5548,anoint (LXX),Exo,30,30
LXX,χρίω,G5548,anoint (LXX),Exo,30,32
LXX,χρίω,G5548,anoint (LXX),Exo,40,9
LXX,χρίω,G5548,anoint (LXX),Exo,40,10
LXX,χρίω,G5548,anoint (LXX),Exo,40,13
LXX,χρίω,G5548,anoint (LXX),Lev,4,3
LXX,χρίω,G5548,anoint (LXX),Lev,6,13
LXX,χρίω,G5548,anoint (LXX),Lev,7,36
LXX,χρίω,G5548,anoint (LXX),Lev,8,11
LXX,χρίω,G5548,anoint (LXX),Lev,8,12
LXX,χρίω,G5548,anoint (LXX),Lev,16,32
LXX,χρίω,G5548,anoint (LXX),Num,6,15
LXX,χρίω,G5548,anoint (LXX),Num,7,1
LXX,χρίω,G5548,anoint (LXX),Num,7,10
LXX,χρίω,G5548,anoint (LXX),Num,7,84
LXX,χρίω,G5548,anoint (LXX),Num,7,88
LXX,χρίω,G5548,anoint (LXX),Num,35,25
LXX,χρίω,G5548,anoint (LXX),Deu,28,40
LXX,χρίω,G5548,anoint (LXX),Jdg,9,8
LXX,χρίω,G5548,anoint (LXX),Jdg,9,15
LXX,χρίω,G5548,anoint (LXX),1Sa,9,16
LXX,χρίω,G5548,anoint (LXX),1Sa,10,1
LXX,χρίω,G5548,anoint (LXX),1Sa,11,15
LXX,χρίω,G5548,anoint (LXX),1Sa,15,1
LXX,χρίω,G5548,anoint (LXX),1Sa,15,17
LXX,χρίω,G5548,anoint (LXX),1Sa,16,3
LXX,χρίω,G5548,anoint (LXX),1Sa,16,12
LXX,χρίω,G5548,anoint (LXX),1Sa,16,13
LXX,χρίω,G5548,anoint (LXX),2Sa,1,21
LXX,χρίω,G5548,anoint (LXX),2Sa,2,4
LXX,χρίω,G5548,anoint (LXX),2Sa,2,7
LXX,χρίω,G5548,anoint (LXX),2Sa,5,3
LXX,χρίω,G5548,anoint (LXX),2Sa,5,17
LXX,χρίω,G5548,anoint (LXX),2Sa,12,7
LXX,χρίω,G5548,anoint (LXX),2Sa,19,11
LXX,χρίω,G5548,anoint (LXX),1Ki,1,34
LXX,χρίω,G5548,anoint (LXX),1Ki,1,39
LXX,χρίω,G5548,anoint (LXX),1Ki,1,45
LXX,χρίω,G5548,anoint (LXX),1Ki,5,15
LXX,χρίω,G5548,anoint (LXX),2Ki,9,3
LXX,χρίω,G5548,anoint (LXX),2Ki,9,6
LXX,χρίω,G5548,anoint (LXX),2Ki,9,12
LXX,χρίω,G5548,anoint (LXX),2Ki,11,12
LXX,χρίω,G5548,anoint (LXX),2Ki,23,30
LXX,χρίω,G5548,anoint (LXX),1Ch,11,3
LXX,χρίω,G5548,anoint (LXX),1Ch,14,8
LXX,χρίω,G5548,anoint (LXX),1Ch,29,22
LXX,χρίω,G5548,anoint (LXX),2Ch,23,11
LXX,χρίω,G5548,anoint (LXX),2Ch,36,1
LXX,χρίω,G5548,anoint (LXX),Psa,26,1
LXX,χρίω,G5548,anoint (LXX),Psa,44,8
LXX,χρίω,G5548,anoint (LXX),Psa,88,21
LXX,χρίω,G5548,anoint (LXX),Psa,151,4
LXX,χρίω,G5548,anoint (LXX),Hos,8,10
LXX,χρίω,G5548,anoint (LXX),Amo,6,6
LXX,χρίω,G5548,anoint (LXX),Isa,25,6
LXX,χρίω,G5548,anoint (LXX),Isa,61,1
LXX,χρίω,G5548,anoint (LXX),Jer,22,14
LXX,χρίω,G5548,anoint (LXX),Ezk,16,9
LXX,χρίω,G5548,anoint (LXX),Ezk,43,3
BH,māšaḥ,H4886,to anoint (verb),Gen,31,13
BH,māšaḥ,H4886,to anoint (verb),Exo,28,41
BH,māšaḥ,H4886,to anoint (verb),Exo,29,2
BH,māšaḥ,H4886,to anoint (verb),Exo,29,7
BH,māšaḥ,H4886,to anoint (verb),Exo,29,36
BH,māšaḥ,H4886,to anoint (verb),Exo,30,26
BH,māšaḥ,H4886,to anoint (verb),Exo,30,30
BH,māšaḥ,H4886,to anoint (verb),Exo,40,9
BH,māšaḥ,H4886,to anoint (verb),Exo,40,10
BH,māšaḥ,H4886,to anoint (verb),Exo,40,11
BH,māšaḥ,H4886,to anoint (verb),Exo,40,13
BH,māšaḥ,H4886,to anoint (verb),Exo,40,15
BH,māšaḥ,H4886,to anoint (verb),Lev,2,4
BH,māšaḥ,H4886,to anoint (verb),Lev,6,20
BH,māšaḥ,H4886,to anoint (verb),Lev,7,12
BH,māšaḥ,H4886,to anoint (verb),Lev,7,36
BH,māšaḥ,H4886,to anoint (verb),Lev,8,10
BH,māšaḥ,H4886,to anoint (verb),Lev,8,11
BH,māšaḥ,H4886,to anoint (verb),Lev,8,12
BH,māšaḥ,H4886,to anoint (verb),Lev,16,32
BH,māšaḥ,H4886,to anoint (verb),Num,3,3
BH,māšaḥ,H4886,to anoint (verb),Num,6,15
BH,māšaḥ,H4886,to anoint (verb),Num,7,1
BH,māšaḥ,H4886,to anoint (verb),Num,7,10
BH,māšaḥ,H4886,to anoint (verb),Num,7,84
BH,māšaḥ,H4886,to anoint (verb),Num,7,88
BH,māšaḥ,H4886,to anoint (verb),Num,35,25
BH,māšaḥ,H4886,to anoint (verb),Jdg,9,8
BH,māšaḥ,H4886,to anoint (verb),Jdg,9,15
BH,māšaḥ,H4886,to anoint (verb),1Sa,9,16
BH,māšaḥ,H4886,to anoint (verb),1Sa,10,1
BH,māšaḥ,H4886,to anoint (verb),1Sa,15,1
BH,māšaḥ,H4886,to anoint (verb),1Sa,15,17
BH,māšaḥ,H4886,to anoint (verb),1Sa,16,3
BH,māšaḥ,H4886,to anoint (verb),1Sa,16,12
BH,māšaḥ,H4886,to anoint (verb),1Sa,16,13
BH,māšaḥ,H4886,to anoint (verb),2Sa,2,4
BH,māšaḥ,H4886,to anoint (verb),2Sa,2,7
BH,māšaḥ,H4886,to anoint (verb),2Sa,3,39
BH,māšaḥ,H4886,to anoint (verb),2Sa,5,3
BH,māšaḥ,H4886,to anoint (verb),2Sa,5,17
BH,māšaḥ,H4886,to anoint (verb),2Sa,12,7
BH,māšaḥ,H4886,to anoint (verb),2Sa,19,10
BH,māšaḥ,H4886,to anoint (verb),1Ki,1,34
BH,māšaḥ,H4886,to anoint (verb),1Ki,1,39
BH,māšaḥ,H4886,to anoint (verb),1Ki,1,45
BH,māšaḥ,H4886,to anoint (verb),1Ki,5,1
BH,māšaḥ,H4886,to anoint (verb),1Ki,19,15
BH,māšaḥ,H4886,to anoint (verb),1Ki,19,16
BH,māšaḥ,H4886,to anoint (verb),2Ki,9,3
BH,māšaḥ,H4886,to anoint (verb),2Ki,9,6
BH,māšaḥ,H4886,to anoint (verb),2Ki,9,12
BH,māšaḥ,H4886,to anoint (verb),2Ki,11,12
BH,māšaḥ,H4886,to anoint (verb),2Ki,23,30
BH,māšaḥ,H4886,to anoint (verb),1Ch,11,3
BH,māšaḥ,H4886,to anoint (verb),1Ch,14,8
BH,māšaḥ,H4886,to anoint (verb),1Ch,29,22
BH,māšaḥ,H4886,to anoint (verb),2Ch,22,7
BH,māšaḥ,H4886,to anoint (verb),2Ch,23,11
BH,māšaḥ,H4886,to anoint (verb),Psa,45,7
BH,māšaḥ,H4886,to anoint (verb),Psa,89,20
BH,māšaḥ,H4886,to anoint (verb),Isa,21,5
BH,māšaḥ,H4886,to anoint (verb),Isa,61,1
BH,māšaḥ,H4886,to anoint (verb),Jer,22,14
BH,māšaḥ,H4886,to anoint (verb),Dan,9,24
BH,māšaḥ,H4886,to anoint (verb),Amo,6,6
BH,mišḥāh,H4888,anointing / consecration (noun),Exo,25,6
BH,mišḥāh,H4888,anointing / consecration (noun),Exo,29,7
BH,mišḥāh,H4888,anointing / consecration (noun),Exo,29,21
BH,mišḥāh,H4888,anointing / consecration (noun),Exo,29,29
BH,mišḥāh,H4888,anointing / consecration (noun),Exo,30,25
BH,mišḥāh,H4888,anointing / consecration (noun),Exo,30,31
BH,mišḥāh,H4888,anointing / consecration (noun),Exo,31,11
BH,mišḥāh,H4888,anointing / consecration (noun),Exo,35,8
BH,mišḥāh,H4888,anointing / consecration (noun),Exo,35,15
BH,mišḥāh,H4888,anointing / consecration (noun),Exo,35,28
BH,mišḥāh,H4888,anointing / consecration (noun),Exo,37,29
BH,mišḥāh,H4888,anointing / consecration (noun),Exo,39,38
BH,mišḥāh,H4888,anointing / consecration (noun),Exo,40,9
BH,mišḥāh,H4888,anointing / consecration (noun),Exo,40,15
BH,mišḥāh,H4888,anointing / consecration (noun),Lev,7,35
BH,mišḥāh,H4888,anointing / consecration (noun),Lev,8,2
BH,mišḥāh,H4888,anointing / consecration (noun),Lev,8,10
BH,mišḥāh,H4888,anointing / consecration (noun),Lev,8,12
BH,mišḥāh,H4888,anointing / consecration (noun),Lev,8,30
BH,mišḥāh,H4888,anointing / consecration (noun),Lev,10,7
BH,mišḥāh,H4888,anointing / consecration (noun),Lev,21,10
BH,mišḥāh,H4888,anointing / consecration (noun),Lev,21,12
BH,mišḥāh,H4888,anointing / consecration (noun),Num,4,16
BH,mišḥāh,H4888,anointing / consecration (noun),Num,18,8
BH,māšîaḥ,H4899,anointed one / Messiah,Lev,4,3
BH,māšîaḥ,H4899,anointed one / Messiah,Lev,4,5
BH,māšîaḥ,H4899,anointed one / Messiah,Lev,4,16
BH,māšîaḥ,H4899,anointed one / Messiah,Lev,6,22
BH,māšîaḥ,H4899,anointed one / Messiah,1Sa,2,10
BH,māšîaḥ,H4899,anointed one / Messiah,1Sa,2,35
BH,māšîaḥ,H4899,anointed one / Messiah,1Sa,12,3
BH,māšîaḥ,H4899,anointed one / Messiah,1Sa,12,5
BH,māšîaḥ,H4899,anointed one / Messiah,1Sa,16,6
BH,māšîaḥ,H4899,anointed one / Messiah,1Sa,24,6
BH,māšîaḥ,H4899,anointed one / Messiah,1Sa,24,10
BH,māšîaḥ,H4899,anointed one / Messiah,1Sa,26,9
BH,māšîaḥ,H4899,anointed one / Messiah,1Sa,26,11
BH,māšîaḥ,H4899,anointed one / Messiah,1Sa,26,16
BH,māšîaḥ,H4899,anointed one / Messiah,1Sa,26,23
BH,māšîaḥ,H4899,anointed one / Messiah,2Sa,1,14
BH,māšîaḥ,H4899,anointed one / Messiah,2Sa,1,16
BH,māšîaḥ,H4899,anointed one / Messiah,2Sa,1,21
BH,māšîaḥ,H4899,anointed one / Messiah,2Sa,19,21
BH,māšîaḥ,H4899,anointed one / Messiah,2Sa,22,51
BH,māšîaḥ,H4899,anointed one / Messiah,2Sa,23,1
BH,māšîaḥ,H4899,anointed one / Messiah,1Ch,16,22
BH,māšîaḥ,H4899,anointed one / Messiah,2Ch,6,42
BH,māšîaḥ,H4899,anointed one / Messiah,Psa,2,2
BH,māšîaḥ,H4899,anointed one / Messiah,Psa,18,50
BH,māšîaḥ,H4899,anointed one / Messiah,Psa,20,6
BH,māšîaḥ,H4899,anointed one / Messiah,Psa,28,8
BH,māšîaḥ,H4899,anointed one / Messiah,Psa,84,9
BH,māšîaḥ,H4899,anointed one / Messiah,Psa,89,38
BH,māšîaḥ,H4899,anointed one / Messiah,Psa,89,51
BH,māšîaḥ,H4899,anointed one / Messiah,Psa,105,15
BH,māšîaḥ,H4899,anointed one / Messiah,Psa,132,10
BH,māšîaḥ,H4899,anointed one / Messiah,Psa,132,17
BH,māšîaḥ,H4899,anointed one / Messiah,Isa,45,1
BH,māšîaḥ,H4899,anointed one / Messiah,Lam,4,20
BH,māšîaḥ,H4899,anointed one / Messiah,Dan,9,25
BH,māšîaḥ,H4899,anointed one / Messiah,Dan,9,26
BH,māšîaḥ,H4899,anointed one / Messiah,Hab,3,13
BH,sûk,H5480,anoint oneself / rub with oil,Deu,28,40
BH,sûk,H5480,anoint oneself / rub with oil,Rut,3,3
BH,sûk,H5480,anoint oneself / rub with oil,2Sa,12,20
BH,sûk,H5480,anoint oneself / rub with oil,2Sa,14,2
BH,sûk,H5480,anoint oneself / rub with oil,2Ch,28,15
BH,sûk,H5480,anoint oneself / rub with oil,Ezk,16,9
BH,sûk,H5480,anoint oneself / rub with oil,Dan,10,3
BH,sûk,H5480,anoint oneself / rub with oil,Mic,6,15
